Name;FileName;Description;Tags;Show_in_gallery;Product_list
120mm_HE_Face;120mm_HE_01.jpg;120mm HE FRAG;Land;1;
120mm_HE_Random;120mm_HE_02.jpg;120mm HE FRAG;Land;0;
120mm_HE_Side;120mm_HE_03.jpg;120mm HE FRAG;Land;0;
23B_Face;23B_01.jpg;;;1;
23B_Random;23B_02.jpg;;;0;
23B_Side;23B_03.jpg;;;0;
2S12_Face;2S12_01.jpg;2S12 120-mm;Land;1;
2S12_Random;2S12_02.jpg;2S12 120-mm;Land;0;
2S12_Side;2S12_03.jpg;2S12 120-mm;Land;0;
2S9_Face;2S9_01.jpg;2S9;Land;1;BTR-80, BMD-3
2S9_Random;2S9_02.jpg;2S9;Land;0;BTR-80, BMD-3
2S9_Side;2S9_03.jpg;2S9;Land;0;BTR-80, BMD-3
57MM_S60_Face;57MM_S60_01.jpg;S-60 57mm AA Gun;Land;1;
57MM_S60_Random;57MM_S60_02.jpg;S-60 57mm AA Gun;Land;0;
57MM_S60_Side;57MM_S60_03.jpg;S-60 57mm AA Gun;Land;0;
A-10_Face;A-10_01.jpg;A-10 Thunderbolt;Air;1;
A-10_Random;A-10_02.jpg;A-10 Thunderbolt;Air;0;
A-10_Side;A-10_03.jpg;A-10 Thunderbolt;Air;0;
A320_Face;A320_01.jpg;A320 AirBus;Air;1;
A320_Random;A320_02.jpg;A320 AirBus;Air;0;
A320_Side;A320_03.jpg;A320 AirBus;Air;0;
AAVc7A_Face;AAVc7A_01.jpg;AAV7A1 (amphibious assault vehicle);Land;1;
AAVc7A_Random;AAVc7A_02.jpg;AAV7A1 (amphibious assault vehicle);Land;0;
AAVc7A_Side;AAVc7A_03.jpg;AAV7A1 (amphibious assault vehicle);Land;0;
AH-1W_Face;AH-1W_01.jpg;Supercobra AH-1W;Air;1;
AH-1W_Random;AH-1W_02.jpg;Supercobra AH-1W;Air;0;
AH-1W_Side;AH-1W_03.jpg;Supercobra AH-1W;Air;0;
AH-64A_Face;AH-64A_01.jpg;AH-64A;Air;1;
AH-64A_Random;AH-64A_02.jpg;AH-64A;Air;0;
AH-64A_Side;AH-64A_03.jpg;AH-64A;Air;0;
AH-64D_Face;AH-64D_01.jpg;AH-64D Apache;Air;1;
AH-64D_Random;AH-64D_02.jpg;AH-64D Apache;Air;0;
AH-64D_Side;AH-64D_03.jpg;AH-64D Apache;Air;0;
airport_Face;airport_01.jpg;airport;;1;
airport_Random;airport_02.jpg;airport;;0;
airport_Side;airport_03.jpg;airport;;0;
Alpha_Face;Alpha_01.jpg;Alpha MRAP;Land;1;
Alpha_Random;Alpha_02.jpg;Alpha MRAP;Land;0;
Alpha_Side;Alpha_03.jpg;Alpha MRAP;Land;0;
AMX-30_Face;AMX-30_01.jpg;AMX-30;Land;1;
AMX-30_Random;AMX-30_02.jpg;AMX-30;Land;0;
AMX-30_Side;AMX-30_03.jpg;AMX-30;Land;0;
AN-2_Face;AN-2_01.jpg;An-2-3 Colt;Air;1;
AN-2_Random;AN-2_02.jpg;An-2-3 Colt;Air;0;
AN-2_Side;AN-2_03.jpg;An-2-3 Colt;Air;0;
AN-TWQ-1-Avenger_Face;AN-TWQ-1-Avenger_01.jpg;AN-TWQ-1-Avenger;Land;1;
AN-TWQ-1-Avenger_Random;AN-TWQ-1-Avenger_02.jpg;AN-TWQ-1-Avenger;Land;0;
AN-TWQ-1-Avenger_Side;AN-TWQ-1-Avenger_03.jpg;AN-TWQ-1-Avenger;Land;0;
ARH-70_Face;ARH-70_01.jpg;Bell ARH-70;Air;1;
ARH-70_Random;ARH-70_02.jpg;Bell ARH-70;Air;0;
ARH-70_Side;ARH-70_03.jpg;Bell ARH-70;Air;0;
Armed_Robotic_Vehicle_ARV_Face;Armed_Robotic_Vehicle_ARV_01.jpg;Buffel ARV;Land;1;
Armed_Robotic_Vehicle_ARV_Random;Armed_Robotic_Vehicle_ARV_02.jpg;Buffel ARV;Land;0;
Armed_Robotic_Vehicle_ARV_Side;Armed_Robotic_Vehicle_ARV_03.jpg;Buffel ARV;Land;0;
AS_90_Face;AS_90_01.jpg;AS90 155-mm;Land;1;
AS_90_Random;AS_90_02.jpg;AS90 155-mm;Land;0;
AS_90_Side;AS_90_03.jpg;AS90 155-mm;Land;0;
AV-8B_Harrier_II_Face;AV-8B_Harrier_II_01.jpg;AV-8B_Harrier_II;Air;1;
AV-8B_Harrier_II_Random;AV-8B_Harrier_II_02.jpg;AV-8B_Harrier_II;Air;0;
AV-8B_Harrier_II_Side;AV-8B_Harrier_II_03.jpg;AV-8B_Harrier_II;Air;0;
B-1_Lancer_Face;B-1_Lancer_01.jpg;B-1_Lancer;Air;1;
B-1_Lancer_Random;B-1_Lancer_02.jpg;B-1_Lancer;Air;0;
B-1_Lancer_Side;B-1_Lancer_03.jpg;B-1_Lancer;Air;0;
B-10_Face;B-10_01.jpg;B-10 82-mm recoilless gun;Land;1;
B-10_Random;B-10_02.jpg;B-10 82-mm recoilless gun;Land;0;
B-10_Side;B-10_03.jpg;B-10 82-mm recoilless gun;Land;0;
B-2_Spirit_Face;B-2_Spirit_01.jpg;B-2_Spirit;Air;1;
B-2_Spirit_Random;B-2_Spirit_02.jpg;B-2_Spirit;Air;0;
B-2_Spirit_Side;B-2_Spirit_03.jpg;B-2_Spirit;Air;0;
B-52_Face;B-52_01.jpg;B-52;Air;1;
B-52_Random;B-52_02.jpg;B-52;Air;0;
B-52_Side;B-52_03.jpg;B-52;Air;0;
BAE_Black_Knight_Face;BAE_Black_Knight_01.jpg;BAE Black Knight;Land;1;
BAE_Black_Knight_Random;BAE_Black_Knight_02.jpg;BAE Black Knight;Land;0;
BAE_Black_Knight_Side;BAE_Black_Knight_03.jpg;BAE Black Knight;Land;0;
BAe_Hawk_200_Face;BAe_Hawk_200_01.jpg;Bae Hawk;Air;1;
BAe_Hawk_200_Random;BAe_Hawk_200_02.jpg;Bae Hawk;Air;0;
BAe_Hawk_200_Side;BAe_Hawk_200_03.jpg;Bae Hawk;Air;0;
Bearcat_Face;Bearcat_01.jpg;Bearcat;Air;1;
Bearcat_Random;Bearcat_02.jpg;Bearcat;Air;0;
Bearcat_Side;Bearcat_03.jpg;Bearcat;Air;0;
BGM-109_Face;BGM-109_01.jpg;Tomahawk Land Attack Missile (TLAM);Air;1;
BGM-109_Random;BGM-109_02.jpg;Tomahawk Land Attack Missile (TLAM);Air;0;
BGM-109_Side;BGM-109_03.jpg;Tomahawk Land Attack Missile (TLAM);Air;0;
BMD-2_Face;BMD-2_01.jpg;BMD-2;Land;1;
BMD-2_Random;BMD-2_02.jpg;BMD-2;Land;0;
BMD-2_Side;BMD-2_03.jpg;BMD-2;Land;0;
BMD-3_Face;BMD-3_01.jpg;BMD-3;Land;1;2S9, BTR-80
BMD-3_Random;BMD-3_02.jpg;BMD-3;Land;0;2S9, BTR-80
BMD-3_Side;BMD-3_03.jpg;BMD-3;Land;0;2S9, BTR-80
BMP-2_Face;BMP-2_01.jpg;BMP-2;Land;1;
BMP-2_Random;BMP-2_02.jpg;BMP-2;Land;0;
BMP-2_Side;BMP-2_03.jpg;BMP-2;Land;0;
Boeing_747_Face;Boeing_747_01.jpg;Boeing 747-400;Air;1;
Boeing_747_Random;Boeing_747_02.jpg;Boeing 747-400;Air;0;
Boeing_747_Side;Boeing_747_03.jpg;Boeing 747-400;Air;0;
Boeing_B-52D_Face;Boeing_B-52D_01.jpg;B-52 Stratofortress;Air;1;
Boeing_B-52D_Random;Boeing_B-52D_02.jpg;B-52 Stratofortress;Air;0;
Boeing_B-52D_Side;Boeing_B-52D_03.jpg;B-52 Stratofortress;Air;0;
Boeing-737_Face;Boeing-737_01.jpg;Boeing 737;Air;1;
Boeing-737_Random;Boeing-737_02.jpg;Boeing 737;Air;0;
Boeing-737_Side;Boeing-737_03.jpg;Boeing 737;Air;0;
BRDM-2_Face;BRDM-2_01.jpg;BRDM-2;Land;1;
BRDM-2_Random;BRDM-2_02.jpg;BRDM-2;Land;0;
BRDM-2_Side;BRDM-2_03.jpg;BRDM-2;Land;0;
BTR_152_Face;BTR_152_01.jpg;BTR-152;Land;1;
BTR_152_Random;BTR_152_02.jpg;BTR-152;Land;0;
BTR_152_Side;BTR_152_03.jpg;BTR-152;Land;0;
BTR-80_Face;BTR-80_01.jpg;BTR-80;Land;1;2S9, BMD-3
BTR-80_Random;BTR-80_02.jpg;BTR-80;Land;0;2S9, BMD-3
BTR-80_Side;BTR-80_03.jpg;BTR-80;Land;0;2S9, BMD-3
Buffalo_Face;Buffalo_01.jpg;Buffalo 6x6;Land;1;
Buffalo_Random;Buffalo_02.jpg;Buffalo 6x6;Land;0;
Buffalo_Side;Buffalo_03.jpg;Buffalo 6x6;Land;0;
BULL_Face;BULL_01.jpg;BULL;Land;1;
BULL_Random;BULL_02.jpg;BULL;Land;0;
BULL_Side;BULL_03.jpg;BULL;Land;0;
BV206_Face;BV206_01.jpg;BV206;Land;1;
BV206_Random;BV206_02.jpg;BV206;Land;0;
BV206_Side;BV206_03.jpg;BV206;Land;0;
C-12_Huron_Face;C-12_Huron_01.jpg;C-12 Huron;Air;1;
C-12_Huron_Random;C-12_Huron_02.jpg;C-12 Huron;Air;0;
C-12_Huron_Side;C-12_Huron_03.jpg;C-12 Huron;Air;0;
C-130_Face;C-130_01.jpg;Lockheed C-130;Air;1;
C-130_Random;C-130_02.jpg;Lockheed C-130;Air;0;
C-130_Side;C-130_03.jpg;Lockheed C-130;Air;0;
C-141B_Starlifter_Face;C-141B_Starlifter_01.jpg;C-141B Starlifter;Air;1;
C-141B_Starlifter_Random;C-141B_Starlifter_02.jpg;C-141B Starlifter;Air;0;
C-141B_Starlifter_Side;C-141B_Starlifter_03.jpg;C-141B Starlifter;Air;0;
C23_Sherpa_Face;C23_Sherpa_01.jpg;C-23A Sherpa;Air;1;
C23_Sherpa_Random;C23_Sherpa_02.jpg;C-23A Sherpa;Air;0;
C23_Sherpa_Side;C23_Sherpa_03.jpg;C-23A Sherpa;Air;0;
C2V_Face;C2V_01.jpg;C2V;Land;1;
C2V_Random;C2V_02.jpg;C2V;Land;0;
C2V_Side;C2V_03.jpg;C2V;Land;0;
Caesar_Face;Caesar_01.jpg;Caesar;Land;1;
Caesar_Random;Caesar_02.jpg;Caesar;Land;0;
Caesar_Side;Caesar_03.jpg;Caesar;Land;0;
Caiman_Face;Caiman_01.jpg;Caiman;Land;1;
Caiman_Random;Caiman_02.jpg;Caiman;Land;0;
Caiman_Side;Caiman_03.jpg;Caiman;Land;0;
Centauro_Face;Centauro_01.jpg;Centauro B-1;Land;1;
Centauro_Random;Centauro_02.jpg;Centauro B-1;Land;0;
Centauro_Side;Centauro_03.jpg;Centauro B-1;Land;0;
CH-47D_Face;CH-47D_01.jpg;Boeing Models 114/414;Air;1;
CH-47D_Random;CH-47D_02.jpg;Boeing Models 114/414;Air;0;
CH-47D_Side;CH-47D_03.jpg;Boeing Models 114/414;Air;0;
Challenger1_Face;Challenger1_01.jpg;Challenger MBT;Land;1;
Challenger1_Random;Challenger1_02.jpg;Challenger MBT;Land;0;
Challenger1_Side;Challenger1_03.jpg;Challenger MBT;Land;0;
Cheetah_Face;Cheetah_01.jpg;Cheetah;Land;1;Cougar_6X6,
Cheetah_Random;Cheetah_02.jpg;Cheetah;Land;0;Cougar_6X6,
Cheetah_Side;Cheetah_03.jpg;Cheetah;Land;0;Cougar_6X6,
CHEVY_AFGHAN_Face;CHEVY_AFGHAN_01.jpg;CHEVY AFGHAN;Land;1;
CHEVY_AFGHAN_Random;CHEVY_AFGHAN_02.jpg;CHEVY AFGHAN;Land;0;
CHEVY_AFGHAN_Side;CHEVY_AFGHAN_03.jpg;CHEVY AFGHAN;Land;0;
Class_I_UAV_Face;Class_I_UAV_01.jpg;FCS UAV Class I;Air;1;
Class_I_UAV_Random;Class_I_UAV_02.jpg;FCS UAV Class I;Air;0;
Class_I_UAV_Side;Class_I_UAV_03.jpg;FCS UAV Class I;Air;0;
Class_II_UAV_Face;Class_II_UAV_01.jpg;FCS UAV Class II;Air;1;
Class_II_UAV_Random;Class_II_UAV_02.jpg;FCS UAV Class II;Air;0;
Class_II_UAV_Side;Class_II_UAV_03.jpg;FCS UAV Class II;Air;0;
Class_III_UAV_Face;Class_III_UAV_01.jpg;FCS UAV Class III;Air;1;
Class_III_UAV_Random;Class_III_UAV_02.jpg;FCS UAV Class III;Air;0;
Class_III_UAV_Side;Class_III_UAV_03.jpg;FCS UAV Class III;Air;0;
Class_IV_UAV_Face;Class_IV_UAV_01.jpg;FCS UAV Class IV;Air;1;
Class_IV_UAV_Random;Class_IV_UAV_02.jpg;FCS UAV Class IV;Air;0;
Class_IV_UAV_Side;Class_IV_UAV_03.jpg;FCS UAV Class IV;Air;0;
Command_and_Control_Vehicle_C2V_Face;Command_and_Control_Vehicle_C2V_01.jpg;FCS Command and Control Vehicle;Land;1;
Command_and_Control_Vehicle_C2V_Random;Command_and_Control_Vehicle_C2V_02.jpg;FCS Command and Control Vehicle;Land;0;
Command_and_Control_Vehicle_C2V_Side;Command_and_Control_Vehicle_C2V_03.jpg;FCS Command and Control Vehicle;Land;0;
Cougar_6X6_Face;Cougar_6X6_01.jpg;Cougar Type;Land;1;
Cougar_6X6_Random;Cougar_6X6_02.jpg;Cougar Type;Land;0;
Cougar_6X6_Side;Cougar_6X6_03.jpg;Cougar Type;Land;0;
Cougar_H_Series_4X4_Face;Cougar_H_Series_4X4_01.jpg;Cougar H Series 4X4;Land;1;
Cougar_H_Series_4X4_Random;Cougar_H_Series_4X4_02.jpg;Cougar H Series 4X4;Land;0;
Cougar_H_Series_4X4_Side;Cougar_H_Series_4X4_03.jpg;Cougar H Series 4X4;Land;0;
Dana_Howitzer-77_Face;Dana_Howitzer-77_01.jpg;Dana Howitzer-77;Land;1;
Dana_Howitzer-77_Random;Dana_Howitzer-77_02.jpg;Dana Howitzer-77;Land;0;
Dana_Howitzer-77_Side;Dana_Howitzer-77_03.jpg;Dana Howitzer-77;Land;0;
DDG-1000_Zumwalt_Face;DDG-1000_Zumwalt_01.jpg;DDG-1000 Zumwalt;Surface;1;
DDG-1000_Zumwalt_Random;DDG-1000_Zumwalt_02.jpg;DDG-1000 Zumwalt;Surface;0;
DDG-1000_Zumwalt_Side;DDG-1000_Zumwalt_03.jpg;DDG-1000 Zumwalt;Surface;0;
Dingo_Face;Dingo_01.jpg;Dingo;Land;1;
Dingo_Random;Dingo_02.jpg;Dingo;Land;0;
Dingo_Side;Dingo_03.jpg;Dingo;Land;0;
DSHK_Face;DSHK_01.jpg;DSHK;Land;1;
DSHK_Random;DSHK_02.jpg;DSHK;Land;0;
DSHK_Side;DSHK_03.jpg;DSHK;Land;0;
DSHK-MOUNTED_Face;DSHK-MOUNTED_01.jpg;DSHK-MOUNTED;Land;1;
DSHK-MOUNTED_Random;DSHK-MOUNTED_02.jpg;DSHK-MOUNTED;Land;0;
DSHK-MOUNTED_Side;DSHK-MOUNTED_03.jpg;DSHK-MOUNTED;Land;0;
E2C_Hawkeye_Face;E2C_Hawkeye_01.jpg;E-2 Hawkeye;Air;1;
E2C_Hawkeye_Random;E2C_Hawkeye_02.jpg;E-2 Hawkeye;Air;0;
E2C_Hawkeye_Side;E2C_Hawkeye_03.jpg;E-2 Hawkeye;Air;0;
E3A_Face;E3A_01.jpg;Boeing E-3 Sentry;Air;1;
E3A_Random;E3A_02.jpg;Boeing E-3 Sentry;Air;0;
E3A_Side;E3A_03.jpg;Boeing E-3 Sentry;Air;0;
EA-6B_Face;EA-6B_01.jpg;EA-6 Prowler;Air;1;
EA-6B_Random;EA-6B_02.jpg;EA-6 Prowler;Air;0;
EA-6B_Side;EA-6B_03.jpg;EA-6 Prowler;Air;0;
F-117_Face;F-117_01.jpg;F-117;Air;1;
F-117_Random;F-117_02.jpg;F-117;Air;0;
F-117_Side;F-117_03.jpg;F-117;Air;0;
F-14A_Face;F-14A_01.jpg;F-14A;Air;1;
F-14A_Random;F-14A_02.jpg;F-14A;Air;0;
F-14A_Side;F-14A_03.jpg;F-14A;Air;0;
F-15C_Face;F-15C_01.jpg;F-15 Eagle;Air;1;
F-15C_Random;F-15C_02.jpg;F-15 Eagle;Air;0;
F-15C_Side;F-15C_03.jpg;F-15 Eagle;Air;0;
F-15E_Face;F-15E_01.jpg;F-15E Strike Eagle;Air;1;
F-15E_Random;F-15E_02.jpg;F-15E Strike Eagle;Air;0;
F-15E_Side;F-15E_03.jpg;F-15E Strike Eagle;Air;0;
F16_Face;F16_01.jpg;F-16 Fighting Falcon;Air;1;
F16_Random;F16_02.jpg;F-16 Fighting Falcon;Air;0;
F16_Side;F16_03.jpg;F-16 Fighting Falcon;Air;0;
F-35_Face;F-35_01.jpg;F-35;Air;1;
F-35_Random;F-35_02.jpg;F-35;Air;0;
F-35_Side;F-35_03.jpg;F-35;Air;0;
F4_Phantom_Face;F4_Phantom_01.jpg;F-4 Phantom II;Air;1;
F4_Phantom_Random;F4_Phantom_02.jpg;F-4 Phantom II;Air;0;
F4_Phantom_Side;F4_Phantom_03.jpg;F-4 Phantom II;Air;0;
F-5_Face;F-5_01.jpg;F-5;Air;1;
F-5_Random;F-5_02.jpg;F-5;Air;0;
F-5_Side;F-5_03.jpg;F-5;Air;0;
F-6A_Face;F-6A_01.jpg;F-6A;Air;1;
F-6A_Random;F-6A_02.jpg;F-6A;Air;0;
F-6A_Side;F-6A_03.jpg;F-6A;Air;0;
FA-18C_Face;FA-18C_01.jpg;FA-18 Hornet;Air;1;
FA-18C_Random;FA-18C_02.jpg;FA-18 Hornet;Air;0;
FA-18C_Side;FA-18C_03.jpg;FA-18 Hornet;Air;0;
FCS_MULE_Face;FCS_MULE_01.jpg;FCS MULE;Land;1;
FCS_MULE_Random;FCS_MULE_02.jpg;FCS MULE;Land;0;
FCS_MULE_Side;FCS_MULE_03.jpg;FCS MULE;Land;0;
fennek_Face;fennek_01.jpg;fennek;Land;1;
fennek_Random;fennek_02.jpg;fennek;Land;0;
fennek_Side;fennek_03.jpg;fennek;Land;0;
Ford_Face;Ford_01.jpg;Ford;Land;1;
Ford_Random;Ford_02.jpg;Ford;Land;0;
Ford_Side;Ford_03.jpg;Ford;Land;0;
FORD350_2_Utility_Face;FORD350_2_Utility_01.jpg;FORD350 2 Utility;Land;1;
FORD350_2_Utility_Random;FORD350_2_Utility_02.jpg;FORD350 2 Utility;Land;0;
FORD350_2_Utility_Side;FORD350_2_Utility_03.jpg;FORD350 2 Utility;Land;0;
FRMV_Recovery_and_Maintenance_Vehicle_Face;FRMV_Recovery_and_Maintenance_Vehicle_01.jpg;FRMV Recovery and Maintenance Vehicle;Land;1;
FRMV_Recovery_and_Maintenance_Vehicle_Random;FRMV_Recovery_and_Maintenance_Vehicle_02.jpg;FRMV Recovery and Maintenance Vehicle;Land;0;
FRMV_Recovery_and_Maintenance_Vehicle_Side;FRMV_Recovery_and_Maintenance_Vehicle_03.jpg;FRMV Recovery and Maintenance Vehicle;Land;0;
Frog-7B_Face;Frog-7B_01.jpg;Frog-7 rocket launcher;Land;1;
Frog-7B_Random;Frog-7B_02.jpg;Frog-7 rocket launcher;Land;0;
Frog-7B_Side;Frog-7B_03.jpg;Frog-7 rocket launcher;Land;0;
FV101_SCORPION_Face;FV101_SCORPION_01.jpg;FV 101 Scorpion;Land;1;
FV101_SCORPION_Random;FV101_SCORPION_02.jpg;FV 101 Scorpion;Land;0;
FV101_SCORPION_Side;FV101_SCORPION_03.jpg;FV 101 Scorpion;Land;0;
FV103_Spartan_Face;FV103_Spartan_01.jpg;FV 103 Spartan APC;Land;1;
FV103_Spartan_Random;FV103_Spartan_02.jpg;FV 103 Spartan APC;Land;0;
FV103_Spartan_Side;FV103_Spartan_03.jpg;FV 103 Spartan APC;Land;0;
FV105_Face;FV105_01.jpg;FV105 Sultan;Land;1;
FV105_Random;FV105_02.jpg;FV105 Sultan;Land;0;
FV105_Side;FV105_03.jpg;FV105 Sultan;Land;0;
G5_155mm_Face;G5_155mm_01.jpg;155mm Gun-Howitzer;Land;1;
G5_155mm_Random;G5_155mm_02.jpg;155mm Gun-Howitzer;Land;0;
G5_155mm_Side;G5_155mm_03.jpg;155mm Gun-Howitzer;Land;0;
G6_HOWITZER_Face;G6_HOWITZER_01.jpg;G6 HOWITZER;Land;1;
G6_HOWITZER_Random;G6_HOWITZER_02.jpg;G6 HOWITZER;Land;0;
G6_HOWITZER_Side;G6_HOWITZER_03.jpg;G6 HOWITZER;Land;0;
Gaz-66_Face;Gaz-66_01.jpg;GAZ-66;Land;1;
Gaz-66_Random;Gaz-66_02.jpg;GAZ-66;Land;0;
Gaz-66_Side;Gaz-66_03.jpg;GAZ-66;Land;0;
GCD_Face;GCD_01.jpg;GCD;Land;1;
GCD_Random;GCD_02.jpg;GCD;Land;0;
GCD_Side;GCD_03.jpg;GCD;Land;0;
GMC_Sierra_Utility_Face;GMC_Sierra_Utility_01.jpg;GMC Sierra Utility;Land;1;
GMC_Sierra_Utility_Random;GMC_Sierra_Utility_02.jpg;GMC Sierra Utility;Land;0;
GMC_Sierra_Utility_Side;GMC_Sierra_Utility_03.jpg;GMC Sierra Utility;Land;0;
HAWK_Face;HAWK_01.jpg;BAE Hawk;Air;1;T-45a_Goshawk
HAWK_Random;HAWK_02.jpg;BAE Hawk;Air;0;T-45a_Goshawk
HAWK_Side;HAWK_03.jpg;BAE Hawk;Air;0;T-45a_Goshawk
HMMWV_Face;HMMWV_01.jpg;HMMWV;Land;1;
HMMWV_Random;HMMWV_02.jpg;HMMWV;Land;0;
HMMWV_Side;HMMWV_03.jpg;HMMWV;Land;0;
Husky_Face;Husky_01.jpg;ARV Husky;Land;1;Meerkat, IVMMD_F-MDT, IVMMD_S-MDT, IVMMD_T-MDT,Cougar_6X6
Husky_Random;Husky_02.jpg;ARV Husky;Land;0;Meerkat, IVMMD_F-MDT, IVMMD_S-MDT, IVMMD_T-MDT,Cougar_6X6
Husky_Side;Husky_03.jpg;ARV Husky;Land;0;Meerkat, IVMMD_F-MDT, IVMMD_S-MDT, IVMMD_T-MDT,Cougar_6X6
IED_Face;IED_01.jpg;IED;Land;1;
IED_Random;IED_02.jpg;IED;Land;0;
IED_Side;IED_03.jpg;IED;Land;0;
IL-76_Face;IL-76_01.jpg;Il-76 Candid;Air;1;
IL-76_Random;IL-76_02.jpg;Il-76 Candid;Air;0;
IL-76_Side;IL-76_03.jpg;Il-76 Candid;Air;0;
International_MaxxPro_MPV_Face;International_MaxxPro_MPV_01.jpg;International MaxxPro MPV;Land;1;
International_MaxxPro_MPV_Random;International_MaxxPro_MPV_02.jpg;International MaxxPro MPV;Land;0;
International_MaxxPro_MPV_Side;International_MaxxPro_MPV_03.jpg;International MaxxPro MPV;Land;0;
Irobot_Packbot_Explorer_Face;Irobot_Packbot_Explorer_01.jpg;Irobot Packbot Explorer;Land;1;
Irobot_Packbot_Explorer_Random;Irobot_Packbot_Explorer_02.jpg;Irobot Packbot Explorer;Land;0;
Irobot_Packbot_Explorer_Side;Irobot_Packbot_Explorer_03.jpg;Irobot Packbot Explorer;Land;0;
IVMMD_F-MDT_Face;IVMMD_F-MDT_01.jpg;IVMMD F-MDT;Land;1;IVMMD_F-MDT, IVMMD_S-MDT, IVMMD_T-MDT,
IVMMD_F-MDT_Random;IVMMD_F-MDT_02.jpg;IVMMD F-MDT;Land;0;IVMMD_F-MDT, IVMMD_S-MDT, IVMMD_T-MDT,
IVMMD_F-MDT_Side;IVMMD_F-MDT_03.jpg;IVMMD F-MDT;Land;0;IVMMD_F-MDT, IVMMD_S-MDT, IVMMD_T-MDT,
IVMMD_S-MDT_Face;IVMMD_S-MDT_01.jpg;IVMMD S-MDT;Land;1;IVMMD_F-MDT, IVMMD_S-MDT, IVMMD_T-MDT,
IVMMD_S-MDT_Random;IVMMD_S-MDT_02.jpg;IVMMD S-MDT;Land;0;IVMMD_F-MDT, IVMMD_S-MDT, IVMMD_T-MDT,
IVMMD_S-MDT_Side;IVMMD_S-MDT_03.jpg;IVMMD S-MDT;Land;0;IVMMD_F-MDT, IVMMD_S-MDT, IVMMD_T-MDT,
IVMMD_T-MDT_Face;IVMMD_T-MDT_01.jpg;IVMMD T-MDT;Land;1;IVMMD_F-MDT, IVMMD_S-MDT, IVMMD_T-MDT,
IVMMD_T-MDT_Random;IVMMD_T-MDT_02.jpg;IVMMD T-MDT;Land;0;IVMMD_F-MDT, IVMMD_S-MDT, IVMMD_T-MDT,
IVMMD_T-MDT_Side;IVMMD_T-MDT_03.jpg;IVMMD T-MDT;Land;0;IVMMD_F-MDT, IVMMD_S-MDT, IVMMD_T-MDT,
J10_Face;J10_01.jpg;J10;Air;1;
J10_Random;J10_02.jpg;J10;Air;0;
J10_Side;J10_03.jpg;J10;Air;0;
Jaguar_Face;Jaguar_01.jpg;SEPECAT Jaguar;Air;1;
Jaguar_Random;Jaguar_02.jpg;SEPECAT Jaguar;Air;0;
Jaguar_Side;Jaguar_03.jpg;SEPECAT Jaguar;Air;0;
KC-10A_Face;KC-10A_01.jpg;KC-10 Extender;Air;1;
KC-10A_Random;KC-10A_02.jpg;KC-10 Extender;Air;0;
KC-10A_Side;KC-10A_03.jpg;KC-10 Extender;Air;0;
KC-135_Face;KC-135_01.jpg;Boeing KC-135 Stratotanker;Air;1;
KC-135_Random;KC-135_02.jpg;Boeing KC-135 Stratotanker;Air;0;
KC-135_Side;KC-135_03.jpg;Boeing KC-135 Stratotanker;Air;0;
KE-3A_Face;KE-3A_01.jpg;KE-3A;Air;1;E3A
KE-3A_Random;KE-3A_02.jpg;KE-3A;Air;0;E3A
KE-3A_Side;KE-3A_03.jpg;KE-3A;Air;0;E3A
KittyHawk_Face;KittyHawk_01.jpg;John F-Kennedy Class Kitty Hawk;Surface;1;
KittyHawk_Random;KittyHawk_02.jpg;John F-Kennedy Class Kitty Hawk;Surface;0;
KittyHawk_Side;KittyHawk_03.jpg;John F-Kennedy Class Kitty Hawk;Surface;0;
Koni_Class_Face;Koni_Class_01.jpg;Koni class frigate;Surface;1;
Koni_Class_Random;Koni_Class_02.jpg;Koni class frigate;Surface;0;
Koni_Class_Side;Koni_Class_03.jpg;Koni class frigate;Surface;0;
KPV_TOWED_Face;KPV_TOWED_01.jpg;KPV TOWED;Land;1;
KPV_TOWED_Random;KPV_TOWED_02.jpg;KPV TOWED;Land;0;
KPV_TOWED_Side;KPV_TOWED_03.jpg;KPV TOWED;Land;0;
KPV-MOUNTED_Face;KPV-MOUNTED_01.jpg;KPV-MOUNTED;Land;1;
KPV-MOUNTED_Random;KPV-MOUNTED_02.jpg;KPV-MOUNTED;Land;0;
KPV-MOUNTED_Side;KPV-MOUNTED_03.jpg;KPV-MOUNTED;Land;0;
KRAZ_255_Face;KRAZ_255_01.jpg;KrAZ-255B 6x6 7500-kg truck;Land;1;
KRAZ_255_Random;KRAZ_255_02.jpg;KrAZ-255B 6x6 7500-kg truck;Land;0;
KRAZ_255_Side;KRAZ_255_03.jpg;KrAZ-255B 6x6 7500-kg truck;Land;0;
L-159_Face;L-159_01.jpg;Aero L-159;Air;1;BAe_Hawk_200
L-159_Random;L-159_02.jpg;Aero L-159;Air;0;BAe_Hawk_200
L-159_Side;L-159_03.jpg;Aero L-159;Air;0;BAe_Hawk_200
Leclerc_Face;Leclerc_01.jpg;Leclerc;Land;1;
Leclerc_Random;Leclerc_02.jpg;Leclerc;Land;0;
Leclerc_Side;Leclerc_03.jpg;Leclerc;Land;0;
Leopard_C2A1_MEXAS_Face;Leopard_C2A1_MEXAS_01.jpg;Leopard C2A1 MEXAS;Land;1;
Leopard_C2A1_MEXAS_Random;Leopard_C2A1_MEXAS_02.jpg;Leopard C2A1 MEXAS;Land;0;
Leopard_C2A1_MEXAS_Side;Leopard_C2A1_MEXAS_03.jpg;Leopard C2A1 MEXAS;Land;0;
Luggage_Cart-001_Face;Luggage_Cart-001_01.jpg;Luggage Cart-001;Land;1;
Luggage_Cart-001_Random;Luggage_Cart-001_02.jpg;Luggage Cart-001;Land;0;
Luggage_Cart-001_Side;Luggage_Cart-001_03.jpg;Luggage Cart-001;Land;0;
M_1089_Face;M_1089_01.jpg;M1089 Truck Wrecker MTV;Land;1;
M_1089_Random;M_1089_02.jpg;M1089 Truck Wrecker MTV;Land;0;
M_1089_Side;M_1089_03.jpg;M1089 Truck Wrecker MTV;Land;0;
M1046_Face;M1046_01.jpg;M1046 TOW missile carrier;Land;1;
M1046_Random;M1046_02.jpg;M1046 TOW missile carrier;Land;0;
M1046_Side;M1046_03.jpg;M1046 TOW missile carrier;Land;0;
M1097_Face;M1097_01.jpg;M1097;Land;1;
M1097_Random;M1097_02.jpg;M1097;Land;0;
M1097_Side;M1097_03.jpg;M1097;Land;0;
M109A6_Face;M109A6_01.jpg;M109  Howitzer;Land;1;
M109A6_Random;M109A6_02.jpg;M109  Howitzer;Land;0;
M109A6_Side;M109A6_03.jpg;M109  Howitzer;Land;0;
M1117_Face;M1117_01.jpg;M1117 Armored Security Vehicle;Land;1;
M1117_Random;M1117_02.jpg;M1117 Armored Security Vehicle;Land;0;
M1117_Side;M1117_03.jpg;M1117 Armored Security Vehicle;Land;0;
M1126_M2_Face;M1126_M2_01.jpg;M1126 M2;Land;1;
M1126_M2_Random;M1126_M2_02.jpg;M1126 M2;Land;0;
M1126_M2_Side;M1126_M2_03.jpg;M1126 M2;Land;0;
M1127_Face;M1127_01.jpg;M1127;Land;1;
M1127_Random;M1127_02.jpg;M1127;Land;0;
M1127_Side;M1127_03.jpg;M1127;Land;0;
M1128_Face;M1128_01.jpg;m1128;Land;1;
M1128_Random;M1128_02.jpg;m1128;Land;0;
M1128_Side;M1128_03.jpg;m1128;Land;0;
M113_Face;M113_01.jpg;FMC M113;Land;1;
M113_Random;M113_02.jpg;FMC M113;Land;0;
M113_Side;M113_03.jpg;FMC M113;Land;0;
M1130_Face;M1130_01.jpg;M1130;Land;1;
M1130_Random;M1130_02.jpg;M1130;Land;0;
M1130_Side;M1130_03.jpg;M1130;Land;0;
M1131_Face;M1131_01.jpg;M1131;Land;1;
M1131_Random;M1131_02.jpg;M1131;Land;0;
M1131_Side;M1131_03.jpg;M1131;Land;0;
M1133_Face;M1133_01.jpg;M1133;Land;1;
M1133_Random;M1133_02.jpg;M1133;Land;0;
M1133_Side;M1133_03.jpg;M1133;Land;0;
M1135_Face;M1135_01.jpg;M1135;Land;1;
M1135_Random;M1135_02.jpg;M1135;Land;0;
M1135_Side;M1135_03.jpg;M1135;Land;0;
M115_HOW_Face;M115_HOW_01.jpg;M115 8-inch Howitzer;Land;1;
M115_HOW_Random;M115_HOW_02.jpg;M115 8-inch Howitzer;Land;0;
M115_HOW_Side;M115_HOW_03.jpg;M115 8-inch Howitzer;Land;0;
M1A2_Face;M1A2_01.jpg;M1A2;Land;1;
M1A2_Random;M1A2_02.jpg;M1A2;Land;0;
M1A2_Side;M1A2_03.jpg;M1A2;Land;0;
M2_STAND_Face;M2_STAND_01.jpg;M2 60-mm;Land;1;
M2_STAND_Random;M2_STAND_02.jpg;M2 60-mm;Land;0;
M2_STAND_Side;M2_STAND_03.jpg;M2 60-mm;Land;0;
m220_Face;m220_01.jpg;m220;Land;1;
m220_Random;m220_02.jpg;m220;Land;0;
m220_Side;m220_03.jpg;m220;Land;0;
M-220_Tow_Face;M-220_Tow_01.jpg;M-220  Tow;Land;1;
M-220_Tow_Random;M-220_Tow_02.jpg;M-220  Tow;Land;0;
M-220_Tow_Side;M-220_Tow_03.jpg;M-220  Tow;Land;0;
M2-MOUNTED_Face;M2-MOUNTED_01.jpg;M2-MOUNTED;Land;1;
M2-MOUNTED_Random;M2-MOUNTED_02.jpg;M2-MOUNTED;Land;0;
M2-MOUNTED_Side;M2-MOUNTED_03.jpg;M2-MOUNTED;Land;0;
M3_Bradley_Face;M3_Bradley_01.jpg;M3 Bradley;Land;1;
M3_Bradley_Random;M3_Bradley_02.jpg;M3 Bradley;Land;0;
M3_Bradley_Side;M3_Bradley_03.jpg;M3 Bradley;Land;0;
M40_STAND_Face;M40_STAND_01.jpg;106  mm  RCL40  M40;Land;1;
M40_STAND_Random;M40_STAND_02.jpg;106  mm  RCL40  M40;Land;0;
M40_STAND_Side;M40_STAND_03.jpg;106  mm  RCL40  M40;Land;0;
M60A3_Face;M60A3_01.jpg;M60 MBT;Land;1;
M60A3_Random;M60A3_02.jpg;M60 MBT;Land;0;
M60A3_Side;M60A3_03.jpg;M60 MBT;Land;0;
M88A2_Face;M88A2_01.jpg;M88A2;Land;1;
M88A2_Random;M88A2_02.jpg;M88A2;Land;0;
M88A2_Side;M88A2_03.jpg;M88A2;Land;0;
M901A3_Face;M901A3_01.jpg;;;1;
M901A3_Random;M901A3_02.jpg;;;0;
M901A3_Side;M901A3_03.jpg;;;0;
MAG_GPNG_7-62_Face;MAG_GPNG_7-62_01.jpg;MAG_GPMG_7-62;Land;1;
MAG_GPNG_7-62_Random;MAG_GPNG_7-62_02.jpg;MAG_GPMG_7-62;Land;0;
MAG_GPNG_7-62_Side;MAG_GPNG_7-62_03.jpg;MAG_GPMG_7-62;Land;0;
MAV_Face;MAV_01.jpg;MAV;;1;
MAV_Random;MAV_02.jpg;MAV;;0;
MAV_Side;MAV_03.jpg;MAV;;0;
Medical_Vehicle_MV_Face;Medical_Vehicle_MV_01.jpg;;;1;
Medical_Vehicle_MV_Random;Medical_Vehicle_MV_02.jpg;;;0;
Medical_Vehicle_MV_Side;Medical_Vehicle_MV_03.jpg;;;0;
Meerkat_Face;Meerkat_01.jpg;Meerkat;Land;1;HUSKY, IVMMD_F-MDT,IVMMD_S-MDT, IVMMD_T-MDT
Meerkat_Random;Meerkat_02.jpg;Meerkat;Land;0;HUSKY, IVMMD_F-MDT,IVMMD_S-MDT, IVMMD_T-MDT
Meerkat_Side;Meerkat_03.jpg;Meerkat;Land;0;HUSKY, IVMMD_F-MDT,IVMMD_S-MDT, IVMMD_T-MDT
MI-28_Havoc_Face;MI-28_Havoc_01.jpg;Mi-28 Havoc;Air;1;AH-64D,
MI-28_Havoc_Random;MI-28_Havoc_02.jpg;Mi-28 Havoc;Air;0;AH-64D,
MI-28_Havoc_Side;MI-28_Havoc_03.jpg;Mi-28 Havoc;Air;0;AH-64D,
Mi-2UPR_Face;Mi-2UPR_01.jpg;Mi-2UPR;;1;
Mi-2UPR_Random;Mi-2UPR_02.jpg;Mi-2UPR;;0;
Mi-2UPR_Side;Mi-2UPR_03.jpg;Mi-2UPR;;0;
Mig-25_Face;Mig-25_01.jpg;MiG-25 Foxbat;Air;1;F-15E, F-14A
Mig-25_Random;Mig-25_02.jpg;MiG-25 Foxbat;Air;0;F-15E, F-14A
Mig-25_Side;Mig-25_03.jpg;MiG-25 Foxbat;Air;0;F-15E, F-14A
MiG-29_Face;MiG-29_01.jpg;MiG-29 Fulcrum;Air;1;
MiG-29_Random;MiG-29_02.jpg;MiG-29 Fulcrum;Air;0;
MiG-29_Side;MiG-29_03.jpg;MiG-29 Fulcrum;Air;0;
MIG-31_Face;MIG-31_01.jpg;MiG-31 Foxhound;Air;1;
MIG-31_Random;MIG-31_02.jpg;MiG-31 Foxhound;Air;0;
MIG-31_Side;MIG-31_03.jpg;MiG-31 Foxhound;Air;0;
Military_Bus_Face;Military_Bus_01.jpg;Bus;Land;1;
Military_Bus_Random;Military_Bus_02.jpg;Bus;Land;0;
Military_Bus_Side;Military_Bus_03.jpg;Bus;Land;0;
MIRAGE_2000C_Face;MIRAGE_2000C_01.jpg;Mirage 2000;Air;1;
MIRAGE_2000C_Random;MIRAGE_2000C_02.jpg;Mirage 2000;Air;0;
MIRAGE_2000C_Side;MIRAGE_2000C_03.jpg;Mirage 2000;Air;0;
Mirage_F1_Face;Mirage_F1_01.jpg;Mirage F-1;Air;1;
Mirage_F1_Random;Mirage_F1_02.jpg;Mirage F-1;Air;0;
Mirage_F1_Side;Mirage_F1_03.jpg;Mirage F-1;Air;0;
Mirage-3_Face;Mirage-3_01.jpg;Mirage-3;Air;1;
Mirage-3_Random;Mirage-3_02.jpg;Mirage-3;Air;0;
Mirage-3_Side;Mirage-3_03.jpg;Mirage-3;Air;0;
Mirage-5_Face;Mirage-5_01.jpg;Mirage-5;Air;1;
Mirage-5_Random;Mirage-5_02.jpg;Mirage-5;Air;0;
Mirage-5_Side;Mirage-5_03.jpg;Mirage-5;Air;0;
MK_19_Face;MK_19_01.jpg;Mk 19 40-mm;Land;1;
MK_19_Random;MK_19_02.jpg;Mk 19 40-mm;Land;0;
MK_19_Side;MK_19_03.jpg;Mk 19 40-mm;Land;0;
MLRS-M270_Face;MLRS-M270_01.jpg;MLRS-M270;Land;1;
MLRS-M270_Random;MLRS-M270_02.jpg;MLRS-M270;Land;0;
MLRS-M270_Side;MLRS-M270_03.jpg;MLRS-M270;Land;0;
Mortar_2B14_1_Face;Mortar_2B14_1_01.jpg;Mortar 2B14 1;Land;1;
Mortar_2B14_1_Random;Mortar_2B14_1_02.jpg;Mortar 2B14 1;Land;0;
Mortar_2B14_1_Side;Mortar_2B14_1_03.jpg;Mortar 2B14 1;Land;0;
Mortar_2S12_Face;Mortar_2S12_01.jpg;2S12 120-mm;Land;1;GAZ-66
Mortar_2S12_Random;Mortar_2S12_02.jpg;2S12 120-mm;Land;0;GAZ-66
Mortar_2S12_Side;Mortar_2S12_03.jpg;2S12 120-mm;Land;0;GAZ-66
MULE_Armed_Robotic_Vehicule_ARVA-L_Face;MULE_Armed_Robotic_Vehicule_ARVA-L_01.jpg;FCS Armed Robotic vehicle-RSTA;Land;1;MULE_Mine_Clearing, MULE_Transport
MULE_Armed_Robotic_Vehicule_ARVA-L_Random;MULE_Armed_Robotic_Vehicule_ARVA-L_02.jpg;FCS Armed Robotic vehicle-RSTA;Land;0;MULE_Mine_Clearing, MULE_Transport
MULE_Armed_Robotic_Vehicule_ARVA-L_Side;MULE_Armed_Robotic_Vehicule_ARVA-L_03.jpg;FCS Armed Robotic vehicle-RSTA;Land;0;MULE_Mine_Clearing, MULE_Transport
MULE_Mine_Clearing_Face;MULE_Mine_Clearing_01.jpg;FCS MULE Countermine;Land;1;MULE_Armed_Robotic_Vehicule_ARVA-L,  MULE_Transport
MULE_Mine_Clearing_Random;MULE_Mine_Clearing_02.jpg;FCS MULE Countermine;Land;0;MULE_Armed_Robotic_Vehicule_ARVA-L,  MULE_Transport
MULE_Mine_Clearing_Side;MULE_Mine_Clearing_03.jpg;FCS MULE Countermine;Land;0;MULE_Armed_Robotic_Vehicule_ARVA-L,  MULE_Transport
MULE_Transport_Face;MULE_Transport_01.jpg;FCS MULE Transport;Land;1;MULE_Mine_Clearing, MULE_Mine_Clearing
MULE_Transport_Random;MULE_Transport_02.jpg;FCS MULE Transport;Land;0;MULE_Mine_Clearing, MULE_Mine_Clearing
MULE_Transport_Side;MULE_Transport_03.jpg;FCS MULE Transport;Land;0;MULE_Mine_Clearing, MULE_Mine_Clearing
Multifunctional_Utility_Logistics_and_Equipment_MULE_Darpa_Face;Multifunctional_Utility_Logistics_and_Equipment_MULE_Darpa_01.jpg;RSV Recon and Surveillance Vehicle;Land;1;
Multifunctional_Utility_Logistics_and_Equipment_MULE_Darpa_Random;Multifunctional_Utility_Logistics_and_Equipment_MULE_Darpa_02.jpg;RSV Recon and Surveillance Vehicle;Land;0;
Multifunctional_Utility_Logistics_and_Equipment_MULE_Darpa_Side;Multifunctional_Utility_Logistics_and_Equipment_MULE_Darpa_03.jpg;RSV Recon and Surveillance Vehicle;Land;0;
Oshkosh_Bushmaster_Face;Oshkosh_Bushmaster_01.jpg;Oshkosh MK48-series articulated 8x8 vehicle;Land;1;
Oshkosh_Bushmaster_Random;Oshkosh_Bushmaster_02.jpg;Oshkosh MK48-series articulated 8x8 vehicle;Land;0;
Oshkosh_Bushmaster_Side;Oshkosh_Bushmaster_03.jpg;Oshkosh MK48-series articulated 8x8 vehicle;Land;0;
pac3_Face;pac3_01.jpg;pac3;Air;1;
pac3_Random;pac3_02.jpg;pac3;Air;0;
pac3_Side;pac3_03.jpg;pac3;Air;0;
PAC3_M901_Face;PAC3_M901_01.jpg;M901;Land;1;
PAC3_M901_Random;PAC3_M901_02.jpg;M901;Land;0;
PAC3_M901_Side;PAC3_M901_03.jpg;M901;Land;0;
Pandur_II_6X6_KD-V30_Face;Pandur_II_6X6_KD-V30_01.jpg;Pandur II 6X6 KD-V30;Land;1;
Pandur_II_6X6_KD-V30_Random;Pandur_II_6X6_KD-V30_02.jpg;Pandur II 6X6 KD-V30;Land;0;
Pandur_II_6X6_KD-V30_Side;Pandur_II_6X6_KD-V30_03.jpg;Pandur II 6X6 KD-V30;Land;0;
Pantsyr_S1_Air_Defense_Face;Pantsyr_S1_Air_Defense_01.jpg;Pantsyr S1 Air Defense;Land;1;
Pantsyr_S1_Air_Defense_Random;Pantsyr_S1_Air_Defense_02.jpg;Pantsyr S1 Air Defense;Land;0;
Pantsyr_S1_Air_Defense_Side;Pantsyr_S1_Air_Defense_03.jpg;Pantsyr S1 Air Defense;Land;0;
patria_Face;patria_01.jpg;patria;Land;1;
patria_Random;patria_02.jpg;patria;Land;0;
patria_Side;patria_03.jpg;patria;Land;0;
Patrolboat_Sing_Face;Patrolboat_Sing_01.jpg;Sawar Class inshore patrol boat;Surface;1;
Patrolboat_Sing_Random;Patrolboat_Sing_02.jpg;Sawar Class inshore patrol boat;Surface;0;
Patrolboat_Sing_Side;Patrolboat_Sing_03.jpg;Sawar Class inshore patrol boat;Surface;0;
PC-9_Face;PC-9_01.jpg;Pilatus Flugzeugwerke SA PC-9;Air;1;
PC-9_Random;PC-9_02.jpg;Pilatus Flugzeugwerke SA PC-9;Air;0;
PC-9_Side;PC-9_03.jpg;Pilatus Flugzeugwerke SA PC-9;Air;0;
Pelikan_Face;Pelikan_01.jpg;Pelikan;Air;1;
Pelikan_Random;Pelikan_02.jpg;Pelikan;Air;0;
Pelikan_Side;Pelikan_03.jpg;Pelikan;Air;0;
RAFAEL_Golan_Face;RAFAEL_Golan_01.jpg;RAFAEL Golan;Land;1;
RAFAEL_Golan_Random;RAFAEL_Golan_02.jpg;RAFAEL Golan;Land;0;
RAFAEL_Golan_Side;RAFAEL_Golan_03.jpg;RAFAEL Golan;Land;0;
RC135_Face;RC135_01.jpg;Boeing RC-135;Air;1;U-2_Spy_plane, C-130, KC-135,
RC135_Random;RC135_02.jpg;Boeing RC-135;Air;0;U-2_Spy_plane, C-130, KC-135,
RC135_Side;RC135_03.jpg;Boeing RC-135;Air;0;U-2_Spy_plane, C-130, KC-135,
RG-31_Face;RG-31_01.jpg;RG-31 Nyala;Land;1;
RG-31_Random;RG-31_02.jpg;RG-31 Nyala;Land;0;
RG-31_Side;RG-31_03.jpg;RG-31 Nyala;Land;0;
RG-33_Face;RG-33_01.jpg;RG-33;Land;1;Caiman,
RG-33_Random;RG-33_02.jpg;RG-33;Land;0;Caiman,
RG-33_Side;RG-33_03.jpg;RG-33;Land;0;Caiman,
Robot_Talon_Face;Robot_Talon_01.jpg;FCS Armed Robotic Vehicle-RSTA;Land;1;
Robot_Talon_Random;Robot_Talon_02.jpg;FCS Armed Robotic Vehicle-RSTA;Land;0;
Robot_Talon_Side;Robot_Talon_03.jpg;FCS Armed Robotic Vehicle-RSTA;Land;0;
Robot_Talon_GRENADE_Face;Robot_Talon_GRENADE_01.jpg;Robot Talon GRENADE;Land;1;
Robot_Talon_GRENADE_Random;Robot_Talon_GRENADE_02.jpg;Robot Talon GRENADE;Land;0;
Robot_Talon_GRENADE_Side;Robot_Talon_GRENADE_03.jpg;Robot Talon GRENADE;Land;0;
Robot_Talon_SWORD_Face;Robot_Talon_SWORD_01.jpg;Robot Talon SWORD;Land;1;
Robot_Talon_SWORD_Random;Robot_Talon_SWORD_02.jpg;Robot Talon SWORD;Land;0;
Robot_Talon_SWORD_Side;Robot_Talon_SWORD_03.jpg;Robot Talon SWORD;Land;0;
RQ-1A_Predator_Face;RQ-1A_Predator_01.jpg;RQ Predator UAV;Air;1;
RQ-1A_Predator_Random;RQ-1A_Predator_02.jpg;RQ Predator UAV;Air;0;
RQ-1A_Predator_Side;RQ-1A_Predator_03.jpg;RQ Predator UAV;Air;0;
RQ-8A_Face;RQ-8A_01.jpg;RQ-8A;Air;1;
RQ-8A_Random;RQ-8A_02.jpg;RQ-8A;Air;0;
RQ-8A_Side;RQ-8A_03.jpg;RQ-8A;Air;0;
RSV_Recon_and_Surveillance_Vehicle_Face;RSV_Recon_and_Surveillance_Vehicle_01.jpg;FCS  XM1201 RSV;Land;1;
RSV_Recon_and_Surveillance_Vehicle_Random;RSV_Recon_and_Surveillance_Vehicle_02.jpg;FCS  XM1201 RSV;Land;0;
RSV_Recon_and_Surveillance_Vehicle_Side;RSV_Recon_and_Surveillance_Vehicle_03.jpg;FCS  XM1201 RSV;Land;0;
S-200_SA-5_GAMMON_Face;S-200_SA-5_GAMMON_01.jpg;SA-5 Gammon SAM System;Air;1;
S-200_SA-5_GAMMON_Random;S-200_SA-5_GAMMON_02.jpg;SA-5 Gammon SAM System;Air;0;
S-200_SA-5_GAMMON_Side;S-200_SA-5_GAMMON_03.jpg;SA-5 Gammon SAM System;Air;0;
S-3B_viking_Face;S-3B_viking_01.jpg;Lockheed S-3 Viking;Air;1;
S-3B_viking_Random;S-3B_viking_02.jpg;Lockheed S-3 Viking;Air;0;
S-3B_viking_Side;S-3B_viking_03.jpg;Lockheed S-3 Viking;Air;0;
S60_Face;S60_01.jpg;S60;Land;1;
S60_Random;S60_02.jpg;S60;Land;0;
S60_Side;S60_03.jpg;S60;Land;0;
S-92_Sikorsky_Face;S-92_Sikorsky_01.jpg;S-92 Sikorsky;Air;1;
S-92_Sikorsky_Random;S-92_Sikorsky_02.jpg;S-92 Sikorsky;Air;0;
S-92_Sikorsky_Side;S-92_Sikorsky_03.jpg;S-92 Sikorsky;Air;0;
SA-15-Gauntlet_Face;SA-15-Gauntlet_01.jpg;SA-15-Gauntlet;Land;1;
SA-15-Gauntlet_Random;SA-15-Gauntlet_02.jpg;SA-15-Gauntlet;Land;0;
SA-15-Gauntlet_Side;SA-15-Gauntlet_03.jpg;SA-15-Gauntlet;Land;0;
SA-19-Grison_Face;SA-19-Grison_01.jpg;SA-19 Grison;Land;1;
SA-19-Grison_Random;SA-19-Grison_02.jpg;SA-19 Grison;Land;0;
SA-19-Grison_Side;SA-19-Grison_03.jpg;SA-19 Grison;Land;0;
Sa-2_Face;Sa-2_01.jpg;SA-2 Missile Launcher;Air;1;
Sa-2_Random;Sa-2_02.jpg;SA-2 Missile Launcher;Air;0;
Sa-2_Side;Sa-2_03.jpg;SA-2 Missile Launcher;Air;0;
Sa-4_Face;Sa-4_01.jpg;SA-4 Ganef SAM System;Land;1;
Sa-4_Random;Sa-4_02.jpg;SA-4 Ganef SAM System;Land;0;
Sa-4_Side;Sa-4_03.jpg;SA-4 Ganef SAM System;Land;0;
SA-6_Face;SA-6_01.jpg;SA-6 Gainful SAM System;Land;1;
SA-6_Random;SA-6_02.jpg;SA-6 Gainful SAM System;Land;0;
SA-6_Side;SA-6_03.jpg;SA-6 Gainful SAM System;Land;0;
Saxon_Face;Saxon_01.jpg;AT 105 Saxon;Land;1;
Saxon_Random;Saxon_02.jpg;AT 105 Saxon;Land;0;
Saxon_Side;Saxon_03.jpg;AT 105 Saxon;Land;0;
ScanEagle_Face;ScanEagle_01.jpg;Boeing ScanEagle;Air;1;
ScanEagle_Random;ScanEagle_02.jpg;Boeing ScanEagle;Air;0;
ScanEagle_Side;ScanEagle_03.jpg;Boeing ScanEagle;Air;0;
Shadow-200_Face;Shadow-200_01.jpg;Shadow-200;Air;1;
Shadow-200_Random;Shadow-200_02.jpg;Shadow-200;Air;0;
Shadow-200_Side;Shadow-200_03.jpg;Shadow-200;Air;0;
Silver_Fox_Face;Silver_Fox_01.jpg;Silver Fox;Air;1;
Silver_Fox_Random;Silver_Fox_02.jpg;Silver Fox;Air;0;
Silver_Fox_Side;Silver_Fox_03.jpg;Silver Fox;Air;0;
Skylark_Face;Skylark_01.jpg;Skylark;Air;1;
Skylark_Random;Skylark_02.jpg;Skylark;Air;0;
Skylark_Side;Skylark_03.jpg;Skylark;Air;0;
Small_Unmanned_Ground_Vehicle_SUGV_Face;Small_Unmanned_Ground_Vehicle_SUGV_01.jpg;FCS Small  UGV;Land;1;
Small_Unmanned_Ground_Vehicle_SUGV_Random;Small_Unmanned_Ground_Vehicle_SUGV_02.jpg;FCS Small  UGV;Land;0;
Small_Unmanned_Ground_Vehicle_SUGV_Side;Small_Unmanned_Ground_Vehicle_SUGV_03.jpg;FCS Small  UGV;Land;0;
Stryker(M1126)_Face;Stryker(M1126)_01.jpg;Stryker M1126;Land;1;
Stryker(M1126)_Random;Stryker(M1126)_02.jpg;Stryker M1126;Land;0;
Stryker(M1126)_Side;Stryker(M1126)_03.jpg;Stryker M1126;Land;0;
SU_22_M4_Face;SU_22_M4_01.jpg;SU_22_M4;Air;1;
SU_22_M4_Random;SU_22_M4_02.jpg;SU_22_M4;Air;0;
SU_22_M4_Side;SU_22_M4_03.jpg;SU_22_M4;Air;0;
SU_37_Face;SU_37_01.jpg;Su-37 multirole fighter;Air;1;
SU_37_Random;SU_37_02.jpg;Su-37 multirole fighter;Air;0;
SU_37_Side;SU_37_03.jpg;Su-37 multirole fighter;Air;0;
SU-24_Face;SU-24_01.jpg;Su-24 Fencer;Air;1;
SU-24_Random;SU-24_02.jpg;Su-24 Fencer;Air;0;
SU-24_Side;SU-24_03.jpg;Su-24 Fencer;Air;0;
Su-27_Face;Su-27_01.jpg;Su-27 Flanker;Air;1;
Su-27_Random;Su-27_02.jpg;Su-27 Flanker;Air;0;
Su-27_Side;Su-27_03.jpg;Su-27 Flanker;Air;0;
Su-30MKI_Face;Su-30MKI_01.jpg;Su-30MKI;Air;1;Su-30MKK
Su-30MKI_Random;Su-30MKI_02.jpg;Su-30MKI;Air;0;Su-30MKK
Su-30MKI_Side;Su-30MKI_03.jpg;Su-30MKI;Air;0;Su-30MKK
Su-30MKK_Face;Su-30MKK_01.jpg;Su-30MKK;Air;1;Su-30MKI
Su-30MKK_Random;Su-30MKK_02.jpg;Su-30MKK;Air;0;Su-30MKI
Su-30MKK_Side;Su-30MKK_03.jpg;Su-30MKK;Air;0;Su-30MKI
SuperWedge_Launcher_Face;SuperWedge_Launcher_01.jpg;SuperWedge_Launcher;Land;1;
SuperWedge_Launcher_Random;SuperWedge_Launcher_02.jpg;SuperWedge_Launcher;Land;0;
SuperWedge_Launcher_Side;SuperWedge_Launcher_03.jpg;SuperWedge_Launcher;Land;0;
T-45a_Goshawk_Face;T-45a_Goshawk_01.jpg;Goshawk T-45A;Air;1;
T-45a_Goshawk_Random;T-45a_Goshawk_02.jpg;Goshawk T-45A;Air;0;
T-45a_Goshawk_Side;T-45a_Goshawk_03.jpg;Goshawk T-45A;Air;0;
T80UM1_Face;T80UM1_01.jpg;T-80 MBT;Land;1;
T80UM1_Random;T80UM1_02.jpg;T-80 MBT;Land;0;
T80UM1_Side;T80UM1_03.jpg;T-80 MBT;Land;0;
T90_Face;T90_01.jpg;T-90 MBT;Land;1;
T90_Random;T90_02.jpg;T-90 MBT;Land;0;
T90_Side;T90_03.jpg;T-90 MBT;Land;0;
Technical_019_DHSK_Face;Technical_019_DHSK_01.jpg;Technical 019 DHSK;Land;1;Technical-005_DHSK
Technical_019_DHSK_Random;Technical_019_DHSK_02.jpg;Technical 019 DHSK;Land;0;Technical-005_DHSK
Technical_019_DHSK_Side;Technical_019_DHSK_03.jpg;Technical 019 DHSK;Land;0;Technical-005_DHSK
Technical-001_ZPU-4_Face;Technical-001_ZPU-4_01.jpg;Technical ZPU-4;Land;1;
Technical-001_ZPU-4_Random;Technical-001_ZPU-4_02.jpg;Technical ZPU-4;Land;0;
Technical-001_ZPU-4_Side;Technical-001_ZPU-4_03.jpg;Technical ZPU-4;Land;0;
Technical-002_Kornet_Face;Technical-002_Kornet_01.jpg;Technical Kornet;Land;1;
Technical-002_Kornet_Random;Technical-002_Kornet_02.jpg;Technical Kornet;Land;0;
Technical-002_Kornet_Side;Technical-002_Kornet_03.jpg;Technical Kornet;Land;0;
Technical-004_M40_Face;Technical-004_M40_01.jpg;Technical M40;Land;1;
Technical-004_M40_Random;Technical-004_M40_02.jpg;Technical M40;Land;0;
Technical-004_M40_Side;Technical-004_M40_03.jpg;Technical M40;Land;0;
Technical-005_DHSK_Face;Technical-005_DHSK_01.jpg;Technical-005 DHSK;Land;1;Technical_019_DHSK
Technical-005_DHSK_Random;Technical-005_DHSK_02.jpg;Technical-005 DHSK;Land;0;Technical_019_DHSK
Technical-005_DHSK_Side;Technical-005_DHSK_03.jpg;Technical-005 DHSK;Land;0;Technical_019_DHSK
Technical-006_ZPU-2_Face;Technical-006_ZPU-2_01.jpg;Technical ZPU-2;Land;1;
Technical-006_ZPU-2_Random;Technical-006_ZPU-2_02.jpg;Technical ZPU-2;Land;0;
Technical-006_ZPU-2_Side;Technical-006_ZPU-2_03.jpg;Technical ZPU-2;Land;0;
Technical-007_B-10_Face;Technical-007_B-10_01.jpg;Technical-007 B-10;Land;1;
Technical-007_B-10_Random;Technical-007_B-10_02.jpg;Technical-007 B-10;Land;0;
Technical-007_B-10_Side;Technical-007_B-10_03.jpg;Technical-007 B-10;Land;0;
Technical-009_ZU-23-2_Face;Technical-009_ZU-23-2_01.jpg;Technical ZU-23-2;Land;1;Technical-029_ZU-23-2
Technical-009_ZU-23-2_Random;Technical-009_ZU-23-2_02.jpg;Technical ZU-23-2;Land;0;Technical-029_ZU-23-2
Technical-009_ZU-23-2_Side;Technical-009_ZU-23-2_03.jpg;Technical ZU-23-2;Land;0;Technical-029_ZU-23-2
Technical-010_Type_63_Face;Technical-010_Type_63_01.jpg;Technical Type 63;Land;1;
Technical-010_Type_63_Random;Technical-010_Type_63_02.jpg;Technical Type 63;Land;0;
Technical-010_Type_63_Side;Technical-010_Type_63_03.jpg;Technical Type 63;Land;0;
Technical-011_M2_Face;Technical-011_M2_01.jpg;Technical M2;Land;1;Technical-020_M2, truck-028_M2
Technical-011_M2_Random;Technical-011_M2_02.jpg;Technical M2;Land;0;Technical-020_M2, truck-028_M2
Technical-011_M2_Side;Technical-011_M2_03.jpg;Technical M2;Land;0;Technical-020_M2, truck-028_M2
Technical-012_ZU-23-2_Face;Technical-012_ZU-23-2_01.jpg;Technical ZU-23-2;Land;1;
Technical-012_ZU-23-2_Random;Technical-012_ZU-23-2_02.jpg;Technical ZU-23-2;Land;0;
Technical-012_ZU-23-2_Side;Technical-012_ZU-23-2_03.jpg;Technical ZU-23-2;Land;0;
Technical-013_ZPU-4_Face;Technical-013_ZPU-4_01.jpg;Technical ZPU2;Land;1;Technical-018_ZPU2
Technical-013_ZPU-4_Random;Technical-013_ZPU-4_02.jpg;Technical ZPU2;Land;0;Technical-018_ZPU2
Technical-013_ZPU-4_Side;Technical-013_ZPU-4_03.jpg;Technical ZPU2;Land;0;Technical-018_ZPU2
Technical-014_ZU-23-2_Face;Technical-014_ZU-23-2_01.jpg;Technical ZU-23-2;Land;1;Technical-017_ZU-23-2
Technical-014_ZU-23-2_Random;Technical-014_ZU-23-2_02.jpg;Technical ZU-23-2;Land;0;Technical-017_ZU-23-2
Technical-014_ZU-23-2_Side;Technical-014_ZU-23-2_03.jpg;Technical ZU-23-2;Land;0;Technical-017_ZU-23-2
Technical-015_M249_Face;Technical-015_M249_01.jpg;Technical M249;Land;1;
Technical-015_M249_Random;Technical-015_M249_02.jpg;Technical M249;Land;0;
Technical-015_M249_Side;Technical-015_M249_03.jpg;Technical M249;Land;0;
Technical-016_RPK_Face;Technical-016_RPK_01.jpg;Technical-016 RPK;Land;1;Technical-018_RPK
Technical-016_RPK_Random;Technical-016_RPK_02.jpg;Technical-016 RPK;Land;0;Technical-018_RPK
Technical-016_RPK_Side;Technical-016_RPK_03.jpg;Technical-016 RPK;Land;0;Technical-018_RPK
Technical-017_ZU-23-2_Face;Technical-017_ZU-23-2_01.jpg;Technical ZU-23-2;Land;1;Technical-029_ZU-23-2
Technical-017_ZU-23-2_Random;Technical-017_ZU-23-2_02.jpg;Technical ZU-23-2;Land;0;Technical-029_ZU-23-2
Technical-017_ZU-23-2_Side;Technical-017_ZU-23-2_03.jpg;Technical ZU-23-2;Land;0;Technical-029_ZU-23-2
Technical-018_RPK_Face;Technical-018_RPK_01.jpg;Technical RPK;Land;1;Technical-016_RPK
Technical-018_RPK_Random;Technical-018_RPK_02.jpg;Technical RPK;Land;0;Technical-016_RPK
Technical-018_RPK_Side;Technical-018_RPK_03.jpg;Technical RPK;Land;0;Technical-016_RPK
Technical-018_ZPU2_Face;Technical-018_ZPU2_01.jpg;Technical ZPU2;Land;1;Technical-013_ZPU-4
Technical-018_ZPU2_Random;Technical-018_ZPU2_02.jpg;Technical ZPU2;Land;0;Technical-013_ZPU-4
Technical-018_ZPU2_Side;Technical-018_ZPU2_03.jpg;Technical ZPU2;Land;0;Technical-013_ZPU-4
Technical-020_M2_Face;Technical-020_M2_01.jpg;Technical M2;Land;1;truck-028_M2
Technical-020_M2_Random;Technical-020_M2_02.jpg;Technical M2;Land;0;truck-028_M2
Technical-020_M2_Side;Technical-020_M2_03.jpg;Technical M2;Land;0;truck-028_M2
Technical-021_B8M1_Face;Technical-021_B8M1_01.jpg;Technical-021 B8M1;Land;1;
Technical-021_B8M1_Random;Technical-021_B8M1_02.jpg;Technical-021 B8M1;Land;0;
Technical-021_B8M1_Side;Technical-021_B8M1_03.jpg;Technical-021 B8M1;Land;0;
Technical-022_KPV_Face;Technical-022_KPV_01.jpg;Technical-022 KPV;Land;1;
Technical-022_KPV_Random;Technical-022_KPV_02.jpg;Technical-022 KPV;Land;0;
Technical-022_KPV_Side;Technical-022_KPV_03.jpg;Technical-022 KPV;Land;0;
Technical-023_ZU-23-1_Face;Technical-023_ZU-23-1_01.jpg;;Land;1;
Technical-023_ZU-23-1_Random;Technical-023_ZU-23-1_02.jpg;;Land;0;
Technical-023_ZU-23-1_Side;Technical-023_ZU-23-1_03.jpg;;Land;0;
Technical-025_UB_16_57_Face;Technical-025_UB_16_57_01.jpg;Technical-025 UB 16 57;Land;1;
Technical-025_UB_16_57_Random;Technical-025_UB_16_57_02.jpg;Technical-025 UB 16 57;Land;0;
Technical-025_UB_16_57_Side;Technical-025_UB_16_57_03.jpg;Technical-025 UB 16 57;Land;0;
Technical-027_UB-16_Face;Technical-027_UB-16_01.jpg;Technical-027 UB-16;Land;1;
Technical-027_UB-16_Random;Technical-027_UB-16_02.jpg;Technical-027 UB-16;Land;0;
Technical-027_UB-16_Side;Technical-027_UB-16_03.jpg;Technical-027 UB-16;Land;0;
Technical-029_ZU-23-2_Face;Technical-029_ZU-23-2_01.jpg;Technical-029  ZU-23-2;Land;1;Technical-017_ZU-23-2
Technical-029_ZU-23-2_Random;Technical-029_ZU-23-2_02.jpg;Technical-029  ZU-23-2;Land;0;Technical-017_ZU-23-2
Technical-029_ZU-23-2_Side;Technical-029_ZU-23-2_03.jpg;Technical-029  ZU-23-2;Land;0;Technical-017_ZU-23-2
trailer_generator-001_Face;trailer_generator-001_01.jpg;trailer generator;Land;1;
trailer_generator-001_Random;trailer_generator-001_02.jpg;trailer generator;Land;0;
trailer_generator-001_Side;trailer_generator-001_03.jpg;trailer generator;Land;0;
trailer_generator-002_Face;trailer_generator-002_01.jpg;trailer generator;Land;1;
trailer_generator-002_Random;trailer_generator-002_02.jpg;trailer generator;Land;0;
trailer_generator-002_Side;trailer_generator-002_03.jpg;trailer generator;Land;0;
truck_007_Face;truck_007_01.jpg;truck 007;Land;1;
truck_007_Random;truck_007_02.jpg;truck 007;Land;0;
truck_007_Side;truck_007_03.jpg;truck 007;Land;0;
truck_017B_Face;truck_017B_01.jpg;truck 017B;Land;1;
truck_017B_Random;truck_017B_02.jpg;truck 017B;Land;0;
truck_017B_Side;truck_017B_03.jpg;truck 017B;Land;0;
truck-010-jingle_Face;truck-010-jingle_01.jpg;truck-010-jingle;Land;1;
truck-010-jingle_Random;truck-010-jingle_02.jpg;truck-010-jingle;Land;0;
truck-010-jingle_Side;truck-010-jingle_03.jpg;truck-010-jingle;Land;0;
truck-024_usairways_Face;truck-024_usairways_01.jpg;truck-024 usairways;Land;1;
truck-024_usairways_Random;truck-024_usairways_02.jpg;truck-024 usairways;Land;0;
truck-024_usairways_Side;truck-024_usairways_03.jpg;truck-024 usairways;Land;0;
truck-025_united_Face;truck-025_united_01.jpg;truck-025 united;Land;1;
truck-025_united_Random;truck-025_united_02.jpg;truck-025 united;Land;0;
truck-025_united_Side;truck-025_united_03.jpg;truck-025 united;Land;0;
truck-027_UB-16_Face;truck-027_UB-16_01.jpg;;Land;1;
truck-027_UB-16_Random;truck-027_UB-16_02.jpg;;Land;0;
truck-027_UB-16_Side;truck-027_UB-16_03.jpg;;Land;0;
truck-028_M2_Face;truck-028_M2_01.jpg;Technical M2;Land;1;Technical-020_M2
truck-028_M2_Random;truck-028_M2_02.jpg;Technical M2;Land;0;Technical-020_M2
truck-028_M2_Side;truck-028_M2_03.jpg;Technical M2;Land;0;Technical-020_M2
truck-029_united_Face;truck-029_united_01.jpg;truck-029 united;Land;1;
truck-029_united_Random;truck-029_united_02.jpg;truck-029 united;Land;0;
truck-029_united_Side;truck-029_united_03.jpg;truck-029 united;Land;0;
Tu22M3_Face;Tu22M3_01.jpg;Tu22M3;Air;1;
Tu22M3_Random;Tu22M3_02.jpg;Tu22M3;Air;0;
Tu22M3_Side;Tu22M3_03.jpg;Tu22M3;Air;0;
Type_63_MRL_Face;Type_63_MRL_01.jpg;Type 63 130mm  MRL;Land;1;TYPE63_ROCKET
Type_63_MRL_Random;Type_63_MRL_02.jpg;Type 63 130mm  MRL;Land;0;TYPE63_ROCKET
Type_63_MRL_Side;Type_63_MRL_03.jpg;Type 63 130mm  MRL;Land;0;TYPE63_ROCKET
TYPE63_ROCKET_Face;TYPE63_ROCKET_01.jpg;Type 63 130mm Multiple Rocket Launcher MRL;Land;1;Type_63_MRL
TYPE63_ROCKET_Random;TYPE63_ROCKET_02.jpg;Type 63 130mm Multiple Rocket Launcher MRL;Land;0;Type_63_MRL
TYPE63_ROCKET_Side;TYPE63_ROCKET_03.jpg;Type 63 130mm Multiple Rocket Launcher MRL;Land;0;Type_63_MRL
Type69_Face;Type69_01.jpg;Type 69 MBT;Land;1;
Type69_Random;Type69_02.jpg;Type 69 MBT;Land;0;
Type69_Side;Type69_03.jpg;Type 69 MBT;Land;0;
U-2_Spy_plane_Face;U-2_Spy_plane_01.jpg;Lockheed U-2;Air;1;
U-2_Spy_plane_Random;U-2_Spy_plane_02.jpg;Lockheed U-2;Air;0;
U-2_Spy_plane_Side;U-2_Spy_plane_03.jpg;Lockheed U-2;Air;0;
UGV_MULE_Face;UGV_MULE_01.jpg;UGV MULE;Land;1;
UGV_MULE_Random;UGV_MULE_02.jpg;UGV MULE;Land;0;
UGV_MULE_Side;UGV_MULE_03.jpg;UGV MULE;Land;0;
V-22_Face;V-22_01.jpg;Bell Boeing V-22 Osprey;Air;1;
V-22_Random;V-22_02.jpg;Bell Boeing V-22 Osprey;Air;0;
V-22_Side;V-22_03.jpg;Bell Boeing V-22 Osprey;Air;0;
VAB_4x4_Face;VAB_4x4_01.jpg;VAB APC;Land;1;
VAB_4x4_Random;VAB_4x4_02.jpg;VAB APC;Land;0;
VAB_4x4_Side;VAB_4x4_03.jpg;VAB APC;Land;0;
VBL_Face;VBL_01.jpg;VBL;Land;1;
VBL_Random;VBL_02.jpg;VBL;Land;0;
VBL_Side;VBL_03.jpg;VBL;Land;0;
Warrior_ERMP_Face;Warrior_ERMP_01.jpg;MQ-1C Warrior;Air;1;
Warrior_ERMP_Random;Warrior_ERMP_02.jpg;MQ-1C Warrior;Air;0;
Warrior_ERMP_Side;Warrior_ERMP_03.jpg;MQ-1C Warrior;Air;0;
Watchkeeper_Face;Watchkeeper_01.jpg;Watchkeeper;Air;1;
Watchkeeper_Random;Watchkeeper_02.jpg;Watchkeeper;Air;0;
Watchkeeper_Side;Watchkeeper_03.jpg;Watchkeeper;Air;0;
Wiesel_Oselot_Face;Wiesel_Oselot_01.jpg;Wiesel Oselot;Land;1;
Wiesel_Oselot_Random;Wiesel_Oselot_02.jpg;Wiesel Oselot;Land;0;
Wiesel_Oselot_Side;Wiesel_Oselot_03.jpg;Wiesel Oselot;Land;0;
Zil_Face;Zil_01.jpg;Zil;Land;1;ZILH131
Zil_Random;Zil_02.jpg;Zil;Land;0;ZILH131
Zil_Side;Zil_03.jpg;Zil;Land;0;ZILH131
ZILH131_Face;ZILH131_01.jpg;ZIL 131;Land;1;
ZILH131_Random;ZILH131_02.jpg;ZIL 131;Land;0;
ZILH131_Side;ZILH131_03.jpg;ZIL 131;Land;0;
ZPU-4_Face;ZPU-4_01.jpg;ZPU-4;Air;1;
ZPU-4_Random;ZPU-4_02.jpg;ZPU-4;Air;0;
ZPU-4_Side;ZPU-4_03.jpg;ZPU-4;Air;0;
ZSU23-4_Face;ZSU23-4_01.jpg;ZSU-23 4 Quad 23mm AA;Land;1;
ZSU23-4_Random;ZSU23-4_02.jpg;ZSU-23 4 Quad 23mm AA;Land;0;
ZSU23-4_Side;ZSU23-4_03.jpg;ZSU-23 4 Quad 23mm AA;Land;0;
ZU_23_2_Face;ZU_23_2_01.jpg;ZU-23 twin 23mm AA Gun;Air;1;
ZU_23_2_Random;ZU_23_2_02.jpg;ZU-23 twin 23mm AA Gun;Air;0;
ZU_23_2_Side;ZU_23_2_03.jpg;ZU-23 twin 23mm AA Gun;Air;0;
