Slug;Filename;DESCRIPTION;Tags;Product_list
Koni_Class;Koni_Class.swf;Koni class is the Nato reporting name for a anti-submarine warfare frigate built by the Soviet Union. They were known in the Soviet Union as Project 1159. 14 were built in Zelenodolsk shipyard between 1975 and 1988. Originally intended to replace the older Riga class frigates, but were chosen as a design for export to various friendly navies. The Koni I sub class were designed for European waters and the Koni II were made for warmer waters. One was retained by the Soviets in the Black Sea for training foreign crews.;Surface;
M88A2;M88A2.swf;The M88 is one of the largest all weather armored recovery vehicles currently in use by U.S. Armed Forces and Israel Defense Force, almost 10 tons heavier than the M1 Abrams main battle tank. There are currently three variants, the M88, M88A1 and M88A2 Hercules. The M88 series has seen action most noticeably in Vietnam, the Gulf War, Operation Iraqi Freedom, and to a lesser extent during the Kosovo War where they were deployed to help recover heavy armored vehicles of the Allied ground units.;Land;
Frog-7B;Frog-7B.swf;The FROG-7 is the final version of the FROG family of unguided, spin-stabilized, short-range Soviet artillery rockets. The name “FROG” comes from then NATO designation of Free-Rocket-Over-Ground. The FROG-7 missiles were mounted on the ZIL-135 8x8 army truck. The FROG-7 (A or B model) has a range up to 70 km and a CEP (circular error probable) between 500m and 700m. The road mobile rocket has a 550 kg warhead and is capable of delivering high explosive, nuclear, or chemical warheads;Land;
Saxon;Saxon.swf;The Saxon was intended to act as a cheap but efficient "battle-taxi" for units that would have to make long journeys from the UK to reinforce the BAOR. As a lightly armoured wheeled vehicle it is much faster - especially on roads - and easier to maintain than a tracked vehicle. Indeed, it shares many parts with commercial trucks, reducing the operating cost.;Land;
BGM-109;BGM-109.swf;The Tomahawk Land Attack Missile (TLAM) is a long-range, all-weather, subsonic cruise missile. Introduced by General Dynamics in the 1970s, it was designed as a medium- to long-range, low-altitude missile that could be launched from a submerged submarine. It has been improved several times and, by way of corporate divestitures and acquisitions, is now made by Raytheon. Some Tomahawks were also manufactured by McDonnell Douglas.;Air;
23B;23B.swf;;;
M109A6;M109A6.swf;The M109 is an American-made self-propelled 155 mm howitzer, first introduced in the early 1960s. It was upgraded a number of times to today's M109A6 Paladin. The M109 family is the most common Western indirect-fire support weapon of maneuver brigades of armored and mechanized infantry divisions.;Land;
Technical-029_ZU-23-2;Technical-029_ZU-23-2.swf;0The IAV Stryker is a family of eight-wheeled all-wheel-drive armored combat vehicles produced by General Dynamics Land;Land;
truck-028_M2;truck-028_M2.swf;0;Land;
truck-027_UB-16;truck-027_UB-16.swf;;Land;
Technical-023_ZU-23-1;Technical-023_ZU-23-1.swf;;Land;
Technical-018_ZPU2;Technical-018_ZPU2.swf;;Land;
Technical-018_RPK;Technical-018_RPK.swf;;Land;
Technical-017_ZU-23-2;Technical-017_ZU-23-2.swf;;Land;
Technical-014_ZU-23-2;Technical-014_ZU-23-2.swf;;Land;
Technical-013_ZPU-4;Technical-013_ZPU-4.swf;;Land;
Technical-012_ZU-23-2;Technical-012_ZU-23-2.swf;;Land;
RC135;RC135.swf;The Boeing RC-135 is a large family of reconnaissance aircraft used by the United States Air Force to support theater and national level intelligence consumers with near real-time on-scene collection, analysis and dissemination capabilities. Based on the C-135 Stratolifter airframe, various types of RC-135s have been in service since 1961. Many variants have been modified numerous times, resulting in a large variety of designations, configurations, and program names.;Air;Boeing_U-2,Lockheed_C-130
RQ-1A_Predator;RQ-1A_Predator.swf;The General Atomics MQ-1 Predator is an unmanned aerial vehicle (UAV) which the United States Air Force describes as a MALE (medium-altitude, long-endurance) UAV system. It can serve in a reconnaissance role and fire two AGM-114 Hellfire missiles. The aircraft, in use since 1995, has seen combat over Afghanistan, Pakistan, Bosnia, Serbia, Iraq, and Yemen. It is a remote-controlled aircraft.;Air;
S-3B_viking;S-3B_viking.swf;The Lockheed S-3 Viking was a jet aircraft used by the United States Navy to identify, track, and destroy enemy submarines. In the late 1990s, the S-3B's mission focus shifted to surface warfare and aerial refueling. The Viking also provided electronic warfare and surface surveillance capabilities to the carrier battle group. A carrier-based, subsonic, all-weather, multi-mission aircraft with long range, it carried automated weapon systems, and was capable of extended missions with in-flight refueling. Because of the engines’ high-pitched sound, it was nicknamed the "Hoover" after the brand of vacuum cleaner.;Air;
ScanEagle;ScanEagle.swf;ScanEagle is a descendant of another Insitu UAV, SeaScan, which was conceived of as a remote sensor for collecting weather data as well as helping commercial fishermen locate and track schools of tuna. ScanEagle emerged as the result of a strategic alliance between Boeing and Insitu. The resulting technology has been successful as a portable Unmanned Aerial System (UAS) for autonomous surveillance in the battlefield, and has been deployed since August 2004 in the Iraq War.;Air;
Silver_Fox;Silver_Fox.swf;The Silver Fox UAV system was provided to the 31st MEU by Advanced Ceramics Research based out of Tucson, Az. and the Office of Naval Research, in order to conduct an extended user evaluation of the system in support of 31st MEU operations;Air;
Skylark;Skylark.swf;A close range tactical UAV designed for day, night and adverse weather real-time reconnaissance, data collection and target marking at mission ranges exceeding 50 kilometers.;Air;
SU-24;SU-24.swf;The Sukhoi Su-24 (NATO reporting name Fencer) was the Soviet Union's most advanced all-weather interdiction and attack aircraft in the 1970s and 1980s. The two-seat, twin-engined aircraft carried the USSR's first integrated digital nav/attack system. In many aspects, the Su-24's configuration is similar to that of the F-111.;Air;
Su-27;Su-27.swf;The Sukhoi Su-27 (Су-27 in the Cyrillic alphabet) (NATO reporting name ‘Flanker’) is a one-seat Mach-2 class jet fighter plane originally manufactured by the Soviet Union, and designed by the Sukhoi Design Bureau. It was intended as a direct competitor for the large American fourth generation fighters, with long 3,530 km range, heavy armament, sophisticated avionics and high agility. The Su-27 most often flies air superiority missions, but is able to perform almost all combat operations. Complementing the smaller MiG-29, its closest American counterpart is the F-15 Eagle.;Air;
Su-30MKI;Su-30MKI.swf;The Sukhoi Su-30 MKI[1] (NATO reporting name Flanker-H) is a variant of the Sukhoi Su-30 jointly-developed by Russia's Sukhoi Corporation and India's Hindustan Aeronautics Limited (HAL) for the Indian Air Force (IAF). It is an air superiority fighter which can also act as a multirole, strike fighter jet.;Air;
Su-30MKK;Su-30MKK.swf;The Sukhoi Su-30MKK (with NATO reporting name as Flanker-G)[1] is a modification of the Su-27 SK manufactured since 1999 by KnAAPO and Shenyang Aircraft Corporation. It is considered an upgraded version of Sukhoi Su-30. It was joint developed by Russia and China, similar to the Su-30MKI. It is a heavy class, long-range, multi-role, air superiority fighter and strike fighter.;Air;
SU_37;SU_37.swf;The Sukhoi Su-37 (NATO designation 'Flanker-F') is a Russian multi-role jet fighter aircraft. It is a single seat experimental fighter modified from Su-35 prototypes for thrust vector control testing.[2] It should not be confused with Su-47 (S-37), a forward-swept wing technology demonstrator.;Air;
T-45a_Goshawk;T-45a_Goshawk.swf;The T-45 Goshawk is a highly modified version of the BAE Hawk land-based training jet aircraft. Manufactured by McDonnell Douglas (now Boeing) and British Aerospace (now BAE Systems), the T-45 is used by the United States Navy as an aircraft carrier-capable trainer.;Air;
U-2_Spy_plane;U-2_Spy_plane.swf;The Lockheed U-2, nicknamed "Dragon Lady", is a single-engine, very high-altitude surveillance aircraft flown by the United States Air Force and previously flown by the Central Intelligence Agency. It provides day and night, very high-altitude (70,000 feet/21,000 meters), all-weather surveillance. The aircraft is also used for electronic sensor research and development, satellite calibration, and satellite data validation.;Air;
V-22;V-22.swf;The Bell-Boeing V-22 Osprey is a multi-mission, military, tiltrotor aircraft with both a vertical takeoff and landing (VTOL) and short takeoff and landing (STOL) capability. It is designed to perform missions like a conventional helicopter with the long-range, high-speed cruise performance of a turboprop aircraft. The V-22 was developed and is manufactured by Bell Helicopter, in partnership with Boeing Rotorcraft Systems. The initial operators are the United States Marine Corps and Air Force.;Air;
Warrior_ERMP;Warrior_ERMP.swf;The U.S. Army initiated the Extended-Range Multi-Purpose UAV competition in 2002, with the winning aircraft due to replace the RQ-5 Hunter.       “Team Warrior” leader General Atomics Aeronautical Systems, Inc. In San Diego, CA won a $214.4 million cost-plus-incentive-fee contract for research, development, test and evaluation (RDT&E) of the Extended Range/ Multi Purpose Unmanned Aerial Vehicle System (ER/MP UAS). The Warrior was designed to fill both surveillance and attack roles, and the MQ-1C Sky Warrior derived from General Atomics’ famous MQ-1 Predator beat the Hunter II system offered by Northrop Grumman, Aurora Flight Systems, and IAI.;Air;
Watchkeeper;Watchkeeper.swf;Watchkeeper WK450 is a £800 million contract awarded in July 2005 to Thales to provide the British Army with an unmanned aerial vehicle (UAV) for all weather, Intelligence, Surveillance, Target Acquisition and Reconnaissance (ISTAR) use._x000d_
_x000d_
The Watchkeeper is to be based on the Elbit Hermes 450 UAV (designated WK450). The engine will be the rotary Wankel engine.;Air;
2S12;2S12.swf;The 2S12 "Sani" (GRAU index) is a 120mm heavy mortar system used by the Russian Army and other former Soviet states.[1] First fielded in 1981, the 2S12 is a continued development on the towed mortars first used in World War II.;Land;
57MM_S60;57MM_S60.swf;The S-60 is a towed, road-transportable, short- to medium-range, single-barrel 57-mm antiaircraft gun system. The S-60 recoil-operated weapon replaced the earlier 37mm models in most Warsaw Pact units. _x000d_
The anti-aircraft gun was given the name 57 mm AZP S-60. Grabinin continued the development and fielded the SPAAG version ZSU-57-2 in 1955.;Land;
G5_155mm;G5_155mm.swf;The G5 is a 155 mm 45 calibre, towed gun howitzer. It has such indirect fire flexibility that it can be employed in the traditional gun, howitzer and mortar roles, and can cover an area of almost 1000 km2 from a single firing position. The gun is capable of maximum sea level ranges of 30 km with ERFB projectiles and 39 km with ERFB base bleed projectiles. The G5 is fully compatible with NATO standard 155-mm ammunition and has a direct fire range of 3000 meters (using a Frag-HE round).;Land;
KPV_TOWED;KPV_TOWED.swf;The KPV is a Soviet 14.5 mm gas-assisted short recoil super-heavy machine-gun developed after the Second World War by the Russians to fire high-velocity anti-tank rounds. The KPV is belt fed and has a cyclic rate of fire of 600 rounds per minute and a muzzle velocity of 1000 meters per second. The KPV has a 1346 mm long barrel and is fitted with a cylindrical post foresight and a tangent leaf U rearsight. The KPV machine-gun is usually mounted on a towed carriage, either in a single, pair or quadruple arrangement, the mountings being known as a ZPU-1, ZPU-2 or ZPU-4 respectively.;Land;
M-220_Tow;M-220_Tow.swf;The TOW Improved Target Acquisition System (ITAS) is a materiel change to the The ITAS is a material change to the current TOW2 ground launcher and M966 HMMWV TOW2 acquisition and fire control subsystems for first-to-deploy light forces. ITAS aides in firing all versions of TOW and builds the bridge to TOW F&F. The TOW tripod and launch tube remain unchanged. ITAS significantly increases target acquisition and engagement ranges, while retaining the capability to fire all configurations of the TOW missile. ITAS uses a second-generation forward-looking infrared system, digital components, and an eyesafe laser range finder. designed to attack and defeat tanks and other armored vehicles. The system will operate in all weather conditions and on the "dirty" battlefield.;Land;
M115_HOW;M115_HOW.swf;The M115 203 mm howitzer, also known as the M115 8 inch howitzer, was a towed howitzer used by the United States Army. Originally designated the 8 inch Howitzer M1, it was designed during the buildup to World War II as a counterpart to the German 17 cm K 18 gun. The M115 could be towed by the M35 Prime Mover gun tractor or a large truck.;Land;
PAC3_M901;PAC3_M901.swf;The M901 launching station is equipped with 4 Patriot or Patriot PAC-2 sealed canisters. Each M901 has its own on-board power and can be deployed up to 1,000 meters away from the MSQ-104. Communications between the MSQ-104 and the M901 can be done by fiber optic data link or VHF signal.;Land;
A320;A320.swf;Both the A310 MRTT and the A330 MRTT offer a series of solutions to meet the differing transport/logistic support needs of governments and air forces. For passenger carrying, configurations are available for the transportantion of VIPs, troops and casualties, including stretchers and intensive care units. Both MRTTs can be configured for all-cargo or combi roles and can carry all the types of commercial and military containers and pallets in use today.;Air;
AN-2;AN-2.swf;The Antonov An-2, also nicknamed "Annushka", is an extremely durable, light, single-engine biplane which first flew on 31 August 1947 and was the first plane designed by Antonov. It is used as a light transport, capable of carrying 12 passengers, and for parachute drops and agricultural work. Its slow-flight and STOL capabilities make it suited for short, unimproved fields, and some specialized variants have also been built for cold weather and other extreme environments.;Air;
A-10;A-10.swf;The A-10 Thunderbolt is also known as the Warthog, the 'flying gun' and the Tankbuster. The aircraft was used extensively during Operation Desert Storm, in support of Nato operations in response to the Kosovo crisis, in Operation Enduring Freedom in Afghanistan and in Operation Iraqi Freedom._x000d_
_x000d_
It was developed by Fairchild-Republic for the United States Air Force to provide close air support (CAS) of ground forces by attacking tanks, armored vehicles, and other ground targets with a limited air interdiction capability.;Air;
BAe_Hawk_200;BAe_Hawk_200.swf;The Hawk is a tandem two-seat aircraft and has a low-mounted cantilever monoplane wing and is powered by a non-augmented turbofan engine._x000d_
The BAE Systems Hawk is a British single engine, advanced jet trainer aircraft. It first flew in 1974 as the Hawker Siddeley Hawk. The Hawk is used by the Royal Air Force, and other air forces, as either a trainer or a low-cost combat aircraft. The Hawk is still in production with over 900 Hawks sold to 18 customers around the world.;Air;
Boeing-737;Boeing-737.swf;The Boeing 737 is a popular short-to-medium range commercial passenger jet aircraft, with a few military users and is continuously manufactured by Boeing Commercial Airplane since 1967;Air;
Boeing_747;Boeing_747.swf;The Boeing 747 is a widebody commercial airliner, often referred to by the nickname "Jumbo Jet".  It is among the world's most recognizable aircraft and was the first widebody ever produced. Manufactured by Boeing's Commercial Airplane unit in the US, the original version of the 747 was two and a half times the size of the Boeing 707  one of the common large commercial aircraft of the 1960s. First flown commercially in 1970, the 747 held the passenger capacity record for 37 years.;Air;
C-12_Huron;C-12_Huron.swf;The C-12 Huron is the military designation for a series of twin-engine turboprop aircraft based on the the Beechcraft Super King Air and Beechcraft 1900. C-12 variants are used by the United States Air Force, United States Army, United States Navy and United States Marine Corps. These aircraft are used for various duties, including embassy support, medical evacuation, as well as passenger and light cargo transport.;Air;
C-130;C-130.swf;The Lockheed C-130 Hercules is a four-engine turboprop military transport aircraft built by Lockheed. It is the main tactical airlifter for many military forces worldwide._x000d_
Over 40 models and variants of the Hercules serve with more than 50 nations.;Air;
C-141B_Starlifter;C-141B_Starlifter.swf;The Lockheed C-141 Starlifter was a military strategic airlifter in service with the Air Mobility Command (AMC) of the United States Air Force. _x000d_
Introduced to replace slower piston-engined cargo planes such as the C-124 Globemaster II, the C-141 was designed to requirements set in 1960 and first flew in 1963. _x000d_
_x000d_
The aircraft remained in service for almost 40 years until the USAF withdrew the C-141 from service on 5 May 2006, replacing the aircraft with the C-17 Globemaster III.;Air;
C23_Sherpa;C23_Sherpa.swf;The Short C-23 Sherpa is a small transport aircraft built by Short Brothers. The C-23A and C-23B variants was based on the Short 330. The Short 360 derivative was modified to become C-23B+ and C-23C variants.  _x000d_
The Shorts also planned two freight versions. The first of these, the Short 330-UTT (for Utility Tactical Transport) was a military transport version fitted with a strengthened cabin floor, and paratroop doors;Air;
E2C_Hawkeye;E2C_Hawkeye.swf;The Grumman E-2 Hawkeye is an American all-weather, aircraft carrier-based tactical Airborne Early Warning (AEW) aircraft. The twin turboprop aircraft was designed and developed in the 1950s by Grumman for the United States Navy as a replacement for the E-1 Tracer. The United States Navy aircraft has been progressively updated with the latest variant, the E-2D, first flying in 2007.;Air;
E3A;E3A.swf;The E-3A Component is the world's only integrated, multi-national flying unit, providing rapid deployability, airborne surveillance, command, control and communication for NATO operations. Fifteen of NATO's nations contribute to the E-3A program and more than 3,000 military and civilian personnel call the Geilenkirchen area home.;Air;
EA-6B;EA-6B.swf;The Prowler is powered by two non-afterburning jet engines and capable of high subsonic speeds. Since EW operations are very demanding, the Prowler is a high-maintenance aircraft and also undergoes more frequent equipment upgrades than any other aircraft in the Navy. Although designed as an electronic escort and command and control platform for strike missions, the EA-6B is also capable of attacking surface targets on its own, especially radar antennae, surface-to-air missile launchers, and other enemy defenses. In addition, the aircraft is highly capable of gathering electronic intelligence.;Air;
F-15C;F-15C.swf;The McDonnell Douglas (now Boeing) F-15 Eagle is a twin-engine, all-weather tactical fighter designed to gain and maintain air superiority in aerial combat._x000d_
Developed for the United States Air Force, it first flew in July 1972, and is one of the most recognized modern fighters. The F-15 is expected to remain in service until 2025.;Air;
F-15E;F-15E.swf;The F-15E Strike Eagle is a 1980s American all-weather strike fighter, designed for long-range interdiction of enemy ground targets deep behind enemy lines.;Air;
F16;F16.swf;The Lockheed Martin F-16 Fighting Falcon is a multirole jet fighter aircraft originally developed by General Dynamics for the United States Air Force. Designed as a lightweight, day-time Visual Flight Rules (VFR) fighter, it evolved into a successful multirole aircraft. The Falcon's versatility is a paramount reason it has proven a success on the export market, having been selected to serve in the air forces of 25 nations.;Air;
F4_Phantom;F4_Phantom.swf;The McDonnell Douglas F-4 Phantom II is a tandem two-seat, twin-engined, all-weather, long-range supersonic jet interceptor fighter/fighter-bomber originally developed for the U.S. Navy by McDonnell Aircraft.  Proving highly adaptable, it became a major part of the air wings of the United States Navy, Marine Corps, and Air Force.[3] It was used extensively by all three of these services during the Vietnam War, serving as the principal air superiority fighter for both the Navy and Air Force, as well as being important in the ground-attack and reconnaissance roles by the close of U.S. Involvement in the war.;Air;
FA-18C;FA-18C.swf;The McDonnell Douglas (now Boeing) F/A-18 Hornet is an all-weather carrier-capable multirole fighter jet, designed to attack both ground and aerial targets.;Air;
HAWK;HAWK.swf;The Raytheon MIM-23 HAWK is an American medium range surface-to-air missile. As a backronym, some consider HAWK to stand for Homing All the Way Killer. The HAWK was initially designed to destroy aircraft and was later adapted to destroy other missiles in flight. The missile entered service in 1960, and a program of extensive upgrades has kept it from becoming obsolete. It was superseded by the MIM-104 Patriot in United States Army service by 1994.;Air;
IL-76;IL-76.swf;The Ilyushin Il-76 (NATO reporting name, Candid) is a 4-engined strategic airlifter designed in the Soviet Union and in widespread use in Europe, Asia and Africa. Originally built for the military, the plane has subsequently seen extensive service as a commercial freighter, especially for the delivery of outsized or very heavy cargo.;Air;
J10;J10.swf;The Jian-10 (J-10) is a multirole, all-weather fighter aircraft designed for both air-to-air and air-to-ground missions.;Air;
Jaguar;Jaguar.swf;Jaguar A , Single-seat all-weather tactical strike, ground-attack fighter version for the French Air Force,;Air;
KC-10A;KC-10A.swf;The KC-10 Extender is an air-to-air tanker aircraft in service with the United States Air Force derived from the civilian DC-10-30 airliner.;Air;
KC-135;KC-135.swf;The Boeing KC-135 Stratotanker is a United States aerial refueling tanker aircraft.;Air;
Boeing_B-52D;Boeing_B-52D.swf;The Boeing B-52 Stratofortress is a long-range, subsonic, jet-powered, strategic bomber operated by the United States Air Force (USAF) since 1955._x000d_
Beginning with the successful contract bid on 5 June 1946, the B-52 went through several design steps; from a straight wing aircraft powered by six turboprop engines to the final prototype YB-52, with eight turbojet engines. The aircraft made its first flight on 15 April 1952;Air;
L-159;L-159.swf;The L 159A is a single-seat light multi-role combat aircraft designed for a variety of air-to-air, air-to-ground and reconnaissance missions. The aircraft is equipped with a multi-mode Doppler Grifo-L radar (a variant of the Grifo-F x-band multi-mode, pulse-doppler radar), [3] for all-weather, day and night operations. It can carry a wide range of NATO standard stores including air-to-air and air-to-ground missiles and laser guided bombs. The L-159A is in operational service with the Czech Air Force and in production.;Air;
Mig-25;Mig-25.swf;The Mikoyan-Gurevich MiG-25 (Russian, МиГ-25) (NATO reporting name "Foxbat") is a high-supersonic interceptor and reconnaissance/bomber aircraft designed by the Soviet Union's Mikoyan-Gurevich bureau.;Air;
MiG-29;MiG-29.swf;The Mikoyan MiG-29 (Russian, Микоян МиГ-29) is a 4th generation jet fighter aircraft designed in the Soviet Union for an air superiority role.;Air;
MIG-31;MIG-31.swf;The Mikoyan MiG-31 (Russian, МиГ-31) (NATO reporting name "Foxhound") is a supersonic interceptor aircraft developed to replace the MiG-25 'Foxbat'.;Air;
MIRAGE_2000C;MIRAGE_2000C.swf;The Dassault Mirage 2000 is a French multirole fighter jet manufactured by Dassault Aviation. Designed in the late 1970s as a lightweight fighter for the French Air Force, it evolved into a successful multirole aircraft;Air;
Mirage_F1;Mirage_F1.swf;The Dassault Mirage F1 is a French single-seat air-superiority fighter and attack aircraft designed and built by Dassault Aviation;Air;
PC-9;PC-9.swf;The Pilatus PC-9 is a single-engine, low-wing tandem-seat turboprop training aircraft manufactured by Pilatus Aircraft of Switzerland.;Air;
Pelikan;Pelikan.swf;The Boeing Pelican ULTRA (Ultra Large Transport Aircraft) is a proposed ground effect fixed-wing aircraft under study by Boeing Phantom Works.;Air;
AH-64D;AH-64D.swf;The AH-64 Apache is a four-blade, twin-engine attack helicopter with reverse-tricycle landing gear, and tandem cockpit for a crew of two. The Apache was developed as Model 77 by Hughes Helicopters for the United States Army's Advanced Attack Helicopter program to replace the AH-1 Cobra. First flown on 1 October 1975, the AH-64 features a nose-mounted sensor suite for target acquisition and night vision systems.;Air;
ARH-70;ARH-70.swf;The Bell ARH-70 is a four-bladed, single-engine, light military helicopter designed for the United States Army's Armed Reconnaissance Helicopter (ARH) program. With a crew of two and optimized for urban combat, the ARH-70 was slated to replace the Army's aging OH-58D Kiowa Warrior._x000d_
_x000d_
Excessive delays and growth in program costs forced its cancellation on 16 October 2008, when the Department of Defense failed to certify the program to Congress. The ARH-70 was touted as having been built with off-the-shelf technology; the airframe was based on Bell's commercially successful Bell 407. An Army press release and other media reports occasionally referred to the ARH-70 by the name Arapaho,[1] but the Army never announced it as an official popular name.;Air;
CH-47D;CH-47D.swf;The Boeing CH-47 Chinook is a versatile, twin-engine, tandem rotor heavy-lift helicopter. Its top speed of 170 knots (196 mph, 315 km/h) was faster than utility and attack helicopters of the 1960s and even many of today. Its primary roles include troop movement, artillery emplacement and battlefield resupply. It has a wide loading ramp at the rear of the fuselage and three external-cargo hooks.;Air;
Class_I_UAV;Class_I_UAV.swf;The Class IV UAV is an unmanned aerial vehicle (UAV) intended to provide Intelligence, Surveillance and Reconnaissance (ISR), target acquisition, and aerial communications extension capability at the brigade level for the United States Army's Future Combat Systems program. Other missions include mine and improvised explosive device detection, standoff chemical biological and radiological detection, and electronic intelligence collection. It will be organic to the Reconnaissance Surveillance Target Acquisition Squadron within the FCS brigade combat team, which will consist of troops of manned armed reconnaissance helicopters (ARH) and a separate troop of Class IV UAVs.;Air;
Class_II_UAV;Class_II_UAV.swf;0The Class II Unmanned Aerial Vehicle (UAV) airborne surveillance platform concept was born within the broad US Army's Future Combat Systems initiative. Class II UAV will provide reconnaissance, early warning, target acquisition and designation at the company level in support of the line-of-sight, non-line-of-sight and beyond the line-of-sight engagements. Intended primarily as a vehicle-mounted system, Class II UAV will be able to take off and landing in unimproved areas and able to provide enhanced dedicated imagery. The system will accomplish its mission while being cued remotely by Army personnel.;Air;
Class_III_UAV;Class_III_UAV.swf;Class III UAV will carry larger payload and will have a greater flight endurance than Class II system. It will be a multifunction aerial combat support system capable of providing reconnaissance, communications relay, early warning, target acquisition and designation. Class III system will also provide remote reconnaissance and terrain information, and will be capable of taking off and landing in unimproved areas.;Air;
Class_IV_UAV;Class_IV_UAV.swf;The Class IV UAV is an unmanned aerial vehicle (UAV) intended to provide Intelligence, Surveillance and Reconnaissance (ISR), target acquisition, and aerial communications extension capability at the brigade level for the United States Army's Future Combat Systems program. Other missions include mine and improvised explosive device detection, standoff chemical biological and radiological detection, and electronic intelligence collection. It will be organic to the Reconnaissance Surveillance Target Acquisition Squadron within the FCS brigade combat team, which will consist of troops of manned armed reconnaissance helicopters (ARH) and a separate troop of Class IV UAVs.;Air;
MAV;MAV.swf;The term micro air vehicle (MAV) or micro aerial vehicle refers to a new type of remotely controlled aircraft (UAV) that is significantly smaller than similar craft obtainable using state of the art technology as it was in as of 2007[update].   Because these aircraft are often in the same size range as radio-controlled models, they are increasingly within the reach of amateurs, who are making their own MAVs for aerial robotics contests and aerial photography.;Air;
Mi-2UPR;Mi-2UPR.swf;0;Air;
MI-28_Havoc;MI-28_Havoc.swf;The Mil Mi-28 (NATO reporting name 'Havoc') is a Russian all-weather day-night military tandem two-seat anti-armour attack helicopter. It is a dedicated attack helicopter with no intended secondary transport capability, better optimized than the Mil Mi-24 for the anti-tank role. It carries a single gun in an undernose barbette, plus external loads carried on pylons beneath stub wings.;Air;
RQ-8A;RQ-8A.swf;The Northrop Grumman MQ-8 Fire Scout is an unmanned autonomous helicopter developed for use by the United States armed forces.;Air;
S-92_Sikorsky;S-92_Sikorsky.swf;The Sikorsky S-92 is a four-bladed twin-engine medium-lift helicopter built by Sikorsky Aircraft for the civil and military helicopter market.;Air;
DDG-1000_Zumwalt;DDG-1000_Zumwalt.swf;The Zumwalt-class destroyer (DDG-1000) is a planned class of United States Navy destroyers, designed as multi-mission ships with a focus on land attack.;Surface;
KittyHawk;KittyHawk.swf;The supercarrier USS Kitty Hawk (CV-63), formerly CVA-63, is the second naval ship named after Kitty Hawk, North Carolina, the site of the Wright brothers' first powered airplane flight. The Kitty Hawk was both the first and last active ship of her class, and the last conventionally-fueled aircraft carrier in service with the U.S. Navy.;Surface;
Patrolboat_Sing;Patrolboat_Sing.swf;Patrol Boat, River (also referred to as Riverine and Pibber), or PBR, is the US Navy designation for a type of rigid-hulled patrol boat used in the Vietnam War from March 1966 until the end of 1971. They were deployed in a force that grew to 250 boats, the most common craft in the River Patrol Force, Task Force 116, and were used to stop and search river traffic in areas such as the Mekong Delta, the Rung Sat Special Zone, the Saigon River and in I Corps, in the area assigned to Task Force Clearwater, in an attempt to disrupt weapons shipments. In this role they frequently became involved in firefights with enemy soldiers on boats and on the shore. PBR's were also used to infiltrate Navy SEAL teams.;Surface;
AAVc7A;AAVc7A.swf;The all-welded aluminum hull of the AAV7A1 protects the crew from small arms fire, shell splinters and flash-burns. To suppress residual penetration of shaped-charge munitions, state-of-the arts enhanced applique armorkit (EAAK) has been added to the hull. Other improvements on the AAV7A1 which add to vehicle survivability is the installation of auto fire suppression and NBC protection system.;Land;
AMX-30;AMX-30.swf;The AMX-30 is a main battle tank designed by GIAT, first delivered to the French Army in 1966. The first five tanks were issued to the 501st Régiment de Chars de Combat (Tank Regiment) in August of that year. The production version of the AMX-30 weighed 36 metric tons (40 short tons), and sacrificed protection for increased mobility. The French believed that it would have required too much armour to protect against the latest anti-tank threats, thereby reducing the tank's maneuverability. Protection, instead, was allotted in terms of speed and the compact dimensions of the vehicle, including a height of 2.28 meters (7.5 ft). The tank's firepower was manifested through its 105-millimeter (4.1 in) cannon, firing an advanced high explosive anti-tank warhead known as the Obus G. The Obus G used an outer shell, separated from the main charge by ball bearings, to allow the round to be spin stabilized by the gun without affecting the warhead inside. Speed was provided by the 720 horsepower (540 kW) HS-110 diesel engine, although the troublesome transmission adversely affected the tank's performance._x000d_
_x000d_
Due to the issues caused by the transmission, in 1979 the French Army began to modernize its fleet of tanks to AMX-30B2 standards, which included a new transmission, an improved engine and the introduction of a new fin-stabilized kinetic energy penetrator, amongst other improvements. Production of the AMX-30 also extended to a number of variants, including the AMX-30D armored recovery vehicle, the AMX-30R anti-aircraft gun system, a bridgelayer, the Pluton tactical nuclear missile launcher and a surface to air missile launcher.;Land;
Armed_Robotic_Vehicle_ARV;Armed_Robotic_Vehicle_ARV.swf;Troops will deploy and control the ARVs at extended ranges. The ARV will be controlled from operator crew stations located inside manned ground vehicles or by FCS-Land Warrior-equipped dismounted soldiers, using ARV remote control devices. The core technologies enabling semi-autonomous operate will allow one soldier to remotely control all aspects of the vehicle. The ARVs will feature additional capabilities including chemical detection, anti-tampering, and battle command and communications equipment.;Land;
AS_90;AS_90.swf;The AS-90 (Artillery System for the 1990s) is a lightly-armoured self-propelled artillery piece used by the British Army. It was first delivered in 1993.  The AS90 Braveheart is a 155mm self-propelled howitzer which entered service with the British Army in 1992. _x000d_
It is manufactured by BAE Systems Land Systems (RO Defence and formerly the Armaments Division of Vickers Shipbuilding and Engineering Ltd) at Barrow-in-Furness, Cumbria. 179 have been built for the British Army. The AS90 was deployed in support of Operation Iraqi Freedom in March 2003.;Land;
BAE_Black_Knight;BAE_Black_Knight.swf;The BAE Systems Black Knight displays the existing robotic technologies available for use by today's forces. This unmanned vehicle provides an immediate system to demonstrate advanced robotic technologies, support user development of tactical behaviors, and provide engineers a hands-on prototype to assist in their design efforts on unmanned combat systems._x000d_
_x000d_
The Black Knight is equipped with advanced capability - leveraging some of the proven capabilities of the Bradley by utilizing robust, available components. These components provide the demonstrator with the high lethality obtained with the first-round hit, and the ability for the turret to slew to a cue from the Commander's Independent Viewer.;Land;
BMD-2;BMD-2.swf;The BMD-2 is a Soviet airborne infantry fighting vehicle, which was introduced in 1985. It is a variant of BMD-1 with a new turret and some changes done to the hull. BMD stands for Boyevaya Mashina Desanta (Боевая Машина Десанта, literally "Combat Vehicle of the Airborne") [10]. It was developed as a replacement of BMD-1;Land;
BMD-3;BMD-3.swf;The BMD-3 "Bakhcha"  is a light infantry fighting vehicle originating in the Soviet Union that is fully amphibious and air-droppable with crew inside. It is intended to be a fire-support platform for use by airborne and air assault units. It is not an upgraded BMD-1 but a completely redesigned vehicle with a hydropneumatic suspension, new hull, a more powerful 2V-06-2 diesel engine and fitted with the complete turret of the BMP-2.;Land;
BMP-2;BMP-2.swf;The BMP-2 is a light amphibious tracked combat vehicle with high mobility and armouring. Its cross-country capabilities are improved due to employment of a different type of tracks and adjustment of the shock absorber. It is intended for destruction of various armoured targets, including enemy tanks, combat helicopters and manpower. Used by mechanized units, the vehicle enables small arms fire from firing ports when on the move. Its armor provides NBC protection of the crew. It is adjusted for air lift.;Land;
BV206;BV206.swf;Bandvagn 206 (Bv 206) is a tracked articulated, all-terrain carrier developed by Hägglunds (now part of BAE Land Systems) for the Swedish Army. It consists of two units, with all four tracks powered. It can carry up to 17 people, although the trailer unit can be adapted for different applications .;Land;
C2V;C2V.swf;The C2V is a tracked, armored vehicle designed to provide an automated tactical command post for mobile armored operations. At the Corps and division, the C2V will be the tactical command post (TAC), while at the brigade and battalion, it will be the tactical operations center (TOC). The C2V platform is designed to provide information superiority directly supporting the dominant manuever force.;Land;
Challenger1;Challenger1.swf;The most revolutionary aspect of the Challenger 1 design was its Chobham armour which gave protection far superior to any monolithic Rolled Homogeneous Armour (RHA), which was the then standard of tank armour material. This armour has been adopted by others, most notably the American M1 Abrams. Additionally the Hydrogas suspension fitted provided outstanding cross-country performance through the long suspension arm travel and controlled bump and rebound behaviour offered.;Land;
S-200_SA-5_GAMMON;S-200_SA-5_GAMMON.swf;The S-200 SA-5 GAMMON is a medium to high -altitude surface-to-air missile system. The single-stage missile has four jettisonable, wraparound solid propellant boosters, each of which is is 4.9 m long and 0.48 m in diameter with a single fin spanning 0.35 m from the booster body. The missile is 10.72 m long overall with a wing span of 2.85 m. The main body is 0.85 m in diameter and has a solid fuel dual thrust sustainer rocket motor.;Air;
Sa-2;Sa-2.swf;0;Air;
Type_63_MRL;Type_63_MRL.swf;In service since 1963, the Type 63 towed 107mm, 12-tube multiple launch rocket was fielded by the PLA ground forces in vast numbers until the late 1990s. The weapon was used as a standard artillery weapon in infantry regiments to provide a short-range, intensive area firepower. Most Type 63s have been retired from active service, but a small number is still in service with the airborne and special forces. The Type 81 is an improved truck-mounted variant. The PLA recently introduced a new self-propelled 107mm rocket launcher design specifically designed for the airborne forces.;Land;
ZPU-4;ZPU-4.swf;The ZPU-4 is a towed quadruple barreled anti-aircraft gun based on the Soviet KPV 14.5 mm machine gun. It entered service with the Soviet Union in 1949 and is used by over 50 countries worldwide. Double and single barreled version of the weapon exist - called the ZPU-2 and ZPU-1 respectively.;Air;
ZU_23_2;ZU_23_2.swf;It mounts two 2A14 23 mm autocannons on a small trailer which can be converted into a stationary mount for firing the guns. While in this position the wheels are moved aside. The autocannon can be prepared for firing from the march position in 30 seconds and in emergency can be fired from the traveling position. The weapon is aimed and fired manually, with the help of the ZAP-23 optical-mechanical sight which uses manually entered target data to provide limited automatic aiming. It also has a straight-tube telescope for use against ground targets such as infantry as well as unarmored or lightly armoured vehicles. The ammo is a feed by a conveyor belt from two ammunition boxes. Each of the ammunition boxes are located on the side of the twin autocannon and each carries 50 rounds. The fumes created by firing the weapon are partially removed thorough the side openings in the barrels.;Air;
AH-1W;AH-1W.swf;he Bell AH-1 SuperCobra is a twin-engine attack helicopter based on the US Army's AH-1 Cobra. The twin Cobra family includes the AH-1J SeaCobra, the AH-1T Improved SeaCobra, and the AH-1W SuperCobra.;Air;
AH-64A;AH-64A.swf;The AH-64 Apache is a four-blade, twin-engine attack helicopter with reverse-tricycle landing gear, and tandem cockpit for a crew of two._x000d_
The Apache was developed as Model 77 by Hughes Helicopters for the United States Army's Advanced Attack Helicopter program to replace the AH-1 Cobra.;Air;
Command_and_Control_Vehicle_C2V;Command_and_Control_Vehicle_C2V.swf;The Command and Control Vehicle (C2V) platform provides for information management of the integrated network_x000d_
of communications and sensor capability within the Unit of Action (UA) and provides the tools for commanders to synchronize their knowledge of combat power with the human dimension of leadership.;Land;
FV101_SCORPION;FV101_SCORPION.swf;Vehicle is armed with L23A1 76-mm rifled gun and coaxial 7.62-mm machine gun. A small batch of 32 vehicles were fitted with a 90-mm main gun.  The FV101 has a crew of three, including commander, gunner and driver.  Vehicle has a front-mounted engine, providing additional protection for the crew. Front armor protects against 14.5-mm projectiles, fired from 200 meter range. All-round protection is against 7.62-mm rounds and artillery shell splinters.;Land;
FV103_Spartan;FV103_Spartan.swf;Spartan is the APC member of the CVR(T) family. It has capacity for 5 men in addition to 2 crew (commander and driver). Externally it is almost indistinguishable from the FV102 Striker. Rather than a general personnel carrier for infantry, the Spartan is retained for moving specialist teams (eg anti-aircraft missile teams, Royal Engineer technicians) across the battlefield.;Land;
FV105;FV105.swf;FV105 Sultan is a British Army command and control vehicle based on the CVR(T) platform. It has a higher roof than the APC variants, providing a more comfortable "office space" inside. This contains a large vertical map board and desk along one side, with a bench seat for three people facing it. Forward of this are positions for the radio operator with provision for four radios and vehicle commander, whose seat can be raised which also gave his access to the pintle mounted G.P.M.G. The driver sits forward of this in a small compartment beside the engine space, on a chair with a spring-loaded seat that allows him to recline inside the vehicle or sit upright with his head out of the hatch.;Land;
Irobot_Packbot_Explorer;Irobot_Packbot_Explorer.swf;The new PackBot Explorer is well suited for urban combat missions ranging from ordnance disposal and reconnaissance to search-and-rescue. It can easily enter areas that are dangerous or inaccessible to humans to relay real-time video, sound and sensor readings.;Land;
Leclerc;Leclerc.swf;The Leclerc is a main battle tank (MBT) built by Nexter of France. It was named in honour of General Philippe Leclerc de Hauteclocque who led the drive towards Paris while in command of the Free French 2nd Armoured Division (2ème DB) in World War II.;Land;
Leopard_C2A1_MEXAS;Leopard_C2A1_MEXAS.swf;The Canadian Leopards deployed to Afghanistan in October 2006 and have been involved in multiple combat operations since that time.;Land;
FCS  MULE;FCS  MULE.swf;The Multifunction Utility/Logistics Equipment Vehicle (MULE) is an unmanned platform that provides transport of equipment and/or supplies in support of dismounted maneuver. There are three variants of the MULE. These are MULES designed for 1) transport, 2) Air assault, and 3) Countermine use.;Land;
M1A2;M1A2.swf;The M1 Abrams is a main battle tank produced in the United States. The M1 is named after General Creighton Abrams, former Army Chief of Staff and Commander of US military forces in Vietnam from 1968 to 1972. It is a well armed, heavily armored, and highly mobile tank designed for modern armored ground warfare.[4] Notable features of the M1 Abrams include the use of a powerful gas turbine engine, the adoption of sophisticated composite armor, and separate ammunition storage in a blow-out compartment for crew safety. It is one of the heaviest tanks in service, weighing in at close to 68 short tons.;Land;
M60A3;M60A3.swf;The hull of the M60 was a single piece steel casting divided into three compartments, with the driver in front, fighting compartment in the middle and engine at the rear[6]. The driver looked through three M27 day periscopes, one of which could be replaced by a night vision periscope[7]. Initially, the M60 had essentially the same turret shape as the M48, but this was subsequently replaced with a distinctive "needlenose" design that minimized frontal cross-section to enemy fire.;Land;
M113;M113.swf;The M113 is a lightly armored personnel carrier that provides good mobility combined with fair firepower and protection. The M113 APC is used to transport and position combat troops and supplies.;Land;
M901A3;M901A3.swf;The M901A3 Improved TOW Vehicle (ITV) is a weapon system using present TOW components, mounted on a modified M113A3. It incorporates the RISE powerpack and improved driver controls. The TOW components are mounted in a launcher platform that is attached to a modified M27 cupola.;Land;
Medical_Vehicle_MV;Medical_Vehicle_MV.swf;The FCS MV is one of 14 MGVs,unmanned ground vehicles and unmanned aerial vehicles. The MVs are designed on a common chassis with common parts to greatly reduce the FCS logistical footprint and to ensure MVs have mobility, survivability and sustainability equivalent to other FCS (Brigade Combat Team) (BCT) vehicles. Therefore, the new MVs will be able to keep pace with the Infantry Combat Vehicles and Mounted Combat Systems they support.;Land;
MULE_Armed_Robotic_Vehicule_ARVA-L;MULE_Armed_Robotic_Vehicule_ARVA-L.swf;0;Land;
MULE_Mine_Clearing;MULE_Mine_Clearing.swf;The proposed mine clearance machine is a heavy tracked vehicle like a small bulldozer fitted with a short length of large diameter concrete pipe. Approximately 8 feet in diameter and about 6 feet long. A sort of concrete ring rather than a pipe.;Land;
MULE_Transport;MULE_Transport.swf;The MULE platform, which will include variants for transport, armed reconnaissance and countermine missions, will all navigate under the control of sensors and sophisticated software algorithms. Like the DARPA vehicles, the MULEs will sport a variety of complementary sensing technologies — including LIDAR, millimeter-wave radar, optical systems on all sides and a vehicle positioning system that combines GPS and inertial data. Walls says the MULEs will likely roll with some advanced sensors, particularly higher-resolution LIDAR, unavailable to the DARPA teams. But the general approach to sensing remains similar.;Land;
Multifunctional_Utility_Logistics_and_Equipment_MULE_Darpa;Multifunctional_Utility_Logistics_and_Equipment_MULE_Darpa.swf;The Multifunction Utility/Logistics and Equipment Vehicle (MULE) is an unmanned platform that provides transport of equipment and/or supplies in support of dismounted maneuver forces. It will also be capable of being armed in the role of support to dismounted infantry in the close assault.;Land;
FRMV_Recovery_and_Maintenance_Vehicle;FRMV_Recovery_and_Maintenance_Vehicle.swf;The XM1201 Future Combat Systems Reconnaissance and Surveillance Vehicle (RSV) features a suite of advanced sensors to detect, locate, track, classify and automatically identify targets under all climatic conditions, day or night.;Land;
RSV_Recon_and_Surveillance_Vehicle;RSV_Recon_and_Surveillance_Vehicle.swf;Each FRMV has a two-man or three-man crew and carries equipment and spare parts to conduct on-site vehicle repairs. The FRMV has an integrated crane and recovery winch for use in helping right overturned vehicles and recovering mired vehicles. The FRMV is capable of towing all FCS Manned Ground Vehicles, Armed Reconnaissance Vehicles, and Multifunction Utility/Logistics and Equipment vehicles. It also supports all field maintenance tasks that require lifting, welding, cutting and heating.;Land;
Robot_Talon;Robot_Talon.swf;Reconnaissance and Surveillance Vehicles (RSVs) feature a suite of advanced sensors to detect, locate, track, classify and automatically identify targets from increased standoff ranges under all climatic conditions, day or night. Included in this suite are a mast-mounted, long-range electro-optic infrared sensor, an emitter mapping sensor for radio frequency (RF) intercept and direction finding, remote chemical detection, and a multifunction RF sensor. Reconnaissance and Surveillance Vehicles (RSVs) also feature the onboard capability to conduct automatic target detection, aided target recognition and level one sensor fusion.;Land;
Robot_Talon_GRENADE;Robot_Talon_GRENADE.swf;The FRMV is a maneuver sustainment system that provides support to vehicles on the battlefield of tomorrow. It is the recovery and maintenance system envisioned for employment within the Brigade Combat Team (BCT).;Land;
Robot_Talon_SWORD;Robot_Talon_SWORD.swf;TALON Operations is in the process of building several distinct “families” of robots that will be able to perform a variety of tasks, and will all be operated with one universal control unit. Today, TALON Ground Robotics includes four “families” that are easily distinguished by size, small, medium, large and extra large. Their names are Dragon Runner™ (15 to 50 lb), TALON® (80 to180 lb), MAARS™ (300 to 400 lb)and TAGS-CX (5,000 to 6,000 lb) and they are all controlled with one new Digital Control Unit (DCU).;Land;
Sa-4;Sa-4.swf;SA-4 GANEF is a medium to high altitude surface-to-air missile system. Over the years at least four variants of the missile have been produced, designated 9M8, 9M8M, 9M8M1 and 9M8M2, though external differences are minimal.;Land;
SA-6;SA-6.swf;The SA-6 GAINFUL is a two stage, solid-fuel, low-altitude SAM. It has radio command guidance with semi-active radar terminal homing. The 3M9 KUB self-propelled surface-to-air tactical low-altitude anti-aircraft missile system is intended for destruction of aircraft, missiles, cruise missiles and assault helicopters at low to medium altitudes.;Land;
SA-19-Grison;SA-19-Grison.swf;The 2K22 Tunguska (Russian, 2К22 "Тунгуска", English, Tunguska) is a Russian tracked self-propelled anti-aircraft weapon armed with a surface-to-air gun and missile system. It is designed to provide day and night protection for infantry and tank regiments against low-flying aircraft, helicopters, and cruise missiles in all weather conditions. Its NATO reporting name is SA-19 "Grison".;Land;
Small_Unmanned_Ground_Vehicle_SUGV;Small_Unmanned_Ground_Vehicle_SUGV.swf;The XM1216 Small Unmanned Ground Vehicle (SUGV) is a lightweight, manportable Unmanned Ground Vehicle (UGV) capable of conducting military operations in urban terrain, tunnels, sewers, and caves. The SUGV aids in the performance of manpower-intensive or high-risk functions (i.e. urban Intelligence, Surveillance, and Reconnaissance (ISR) missions, chemical/Toxic Industrial Chemicals (TIC), Toxic Industrial Materials (TIM), reconnaissance, etc.).;Land;
T80UM1;T80UM1.swf;The firepower of the following version of the tank T-80 grew due to the installation of the version of 125-millimeter antitank gun, adoption for the armament of the armor-piercing sabots of the new generation and complex of the controlled armament of 9[K]118 "Refleks" , which made it possible to conduct fire by the guided missiles on the move, in contrast to "Kobry", which requires stoppage for shooting . Also T -80[u] obtained the dynamic protection of the changed construction - from the attached became built-in. The following version, T -80[Ud], developed in Kharkov, the first of the machines of the family which obtained diesel uprated engines that it made it possible to reduce the fuel consumption with the retention of high speed.;Land;
T90;T90.swf;The T-90 is a Russian main battle tank (MBT) derived from the T-72, and is currently the most modern tank in service with the Russian Ground Forces, Naval Infantry and the Indian Army. The successor to T-72BM, the T-90 uses the gun and 1G46 gunner sights from the T-80U, a new engine, and thermal sights. Protective measures include Kontakt-5 ERA, laser warning receivers, the EMT-7 electromagnetic pulse creator for the destruction of magnetic mines[3] and the Shtora infrared ATGM jamming system.;Land;
Technical_019_DHSK;Technical_019_DHSK.swf;0;Land;
Type69;Type69.swf;The Type 69 85mm rocket propelled grenade (RPG), made by Norinco, is a Chinese copy of the famous RPG-7 developed by the Soviet Union. First introduced in the early 1970s, the Type 69 RPG is a common individual anti-tank weapon in service with the PLA. New types of grenade rounds have been developed in the 1980s/90s to meet the requirements of modern battlefields.;Land;
Wiesel_Oselot;Wiesel_Oselot.swf;The anti-aircraft defence rocket carrier Ozelot uses anti-aircraft defence rockets of the type "Stinger" to fight clarified, hostile air vehicles.;Land;
ZSU23-4;ZSU23-4.swf;Development of the ZSU-23-4 Shilka began in 1957. The first prototype was completed in 1960. After extensive trials it entered service with the Soviet Army in 1962. Production of the ZSU-23-4 commenced in 1964. It was a very successful design. The Shilka is currently in service with a number of countries worldwide.     The ZSU-23-4 Shilka is armed with quad 23-mm guns. It is a modified variant of the towed ZU-23 anti-aircraft gun. Vehicle has a rate of fire of 3 400 rounds per minute. It fires the same rounds as the ZU-23.;Land;
120mm_HE;120mm_HE.swf;A new High Explosive service round, currently under development at Rheinmetall will be a successor to the DM12A2 currently in service. The HE round is intended primarily for dealing with long range anti-tank weapons. It is designed to engage soft and semi-hard targets, uses high explosive warhead containing steel and heavy metal fragmentation case. The full caliber warhead is equipped with a time fuse which also has a percussion function which can be activated with or without delay to ensure effective target penetration. Fuse setting is performed automatically by the fire control system. The weight of the HE round is 19 kg, muzzle velocity (L44) is 950 m'/sec and with the L55 – 1,100 m'/sec.;Land;
B-10;B-10.swf;The B-10 is a Soviet 82 mm recoilless gun. The B-10 is a smooth-bore anti-tank weapon firing a fin stabilised 3.6 kg HEAT or 4.5 kg HE round to an effective anti-tank range of 400 meters, able to penetrate 240 mm of armour, or to a HE range of 4500 metres. The B-10 has a rate of fire of 7 rounds per minute.;Land;
DSHK;DSHK.swf;The DShK 1938  is a Soviet heavy anti-aircraft machine gun firing 12.7x108mm cartridges. The weapon was also used as a heavy infantry machine gun, in which case it was frequently deployed with a two-wheeled mounting and a single-sheet armour-plate shield._x000d_
_x000d_
It took its name from the weapons designers Vasily Degtyaryov, who designed the original weapon, and Georgi Shpagin, who improved the cartridge feed mechanism. It is sometimes nicknamed Dushka;Land;
DSHK-MOUNTED;DSHK-MOUNTED.swf;For infantry use the DShK was typically mounted on a Sokolov wheeled mount.;Land;
IED;IED.swf;The enemy in Iraq has used IEDs consisting of mortar and artillery projectiles as the explosive device. The most common explosives used are military munitions, usually 122 mm or greater mortar/tank/artillery.;Land;
KPV-MOUNTED;KPV-MOUNTED.swf;0;Land;
M2_STAND;M2_STAND.swf;The 105 mm M2 field howitzer became the standard light field howitzer of many NATO armies après la Seconde Guerre mondiale, et upgraded versions of this weapon remain in service in many countries around the world.;Land;
M2-MOUNTED;M2-MOUNTED.swf;The M2 .50 caliber machine gun is an automatic, belt-fed, recoil-operated, air-cooled, crew-operated machine gun. This gun may be mounted on ground mounts and most vehicles as an anti-personnel and anti-aircraft weapon. The gun is capable of single-shot (ground version M2), as well as automatic fire and was used to a very limited degree as a sniper weapon during the Vietnam war. The weapon provides automatic weapon suppressive fire for offensive and defensive purposes. This weapon can be used effectively against personnel, light armored vehicles; low, slow flying aircraft; and small boats. The M2 machine gun uses the M3 Tripod. The principal night vision sight used with the M2 is the AN/TVS-5.;Land;
M40_STAND;M40_STAND.swf;The M40 Mortar was a Soviet 50 mm calibre mortar of the Second World War. The M40 Mortar had a maximum range of 800 metres.;Land;
MAG_GPNG_7-62;MAG_GPNG_7-62.swf;The FM MAG GPMG is the standard 7.62 mm machine gun that is mounted on all the armoured vehicles mentioned so far. It is employed as an anti-aircraft weapon, coaxial machine gun and fire support weapon for the APCs.;Land;
MK_19;MK_19.swf;The Mk 19 (often called the "Mark 19") is belt fed, blowback operated, air cooled, crew served, fully automatic weapon that is designed not to cook off.  The Mk 19 fires 40 mm grenades at a cyclic rate of 325 to 375 rounds per minute, giving a practical rate of fire of 60 rounds per minute (rapid) and 40 rounds per minute (sustained). The weapon operates on the blowback principle, which uses the chamber pressure from each fired round to load and re-cock the weapon. The Mk 19 is able to lob its grenade at a maximum distance of 2,212 meters.;Land;
Mortar_2B14_1;Mortar_2B14_1.swf;2B14-1 | 82 mm , mortar, maximum 4.02 km firing range;Land;
Mortar_2S12;Mortar_2S12.swf;2S12 is in fact the designator for the combination of the 2B11 "Sani" heavy mortar with its transport vehicle 2F510, a GAZ-66-15 4x4 truck. The 2B11 weighs nearly 500 lbs when fully assembled, and thus must be mounted to the 2x1 wheeled chassis 2L81 and towed to the emplacement site by the truck. The GAZ-66 prime mover also transports the ammo load, 24 70-lb crates of 120mm HE mortar bombs, 2 bombs per crate, for a total of 48 available rounds.;Land;
TYPE63_ROCKET;TYPE63_ROCKET.swf;The Type 63 towed 107mm, 12-tube multiple launch rocket was fielded by the PLA ground forces in vast numbers until the late 1990s. The weapon was used as a standard artillery weapon in infantry regiments to provide a short-range, intensive area firepower. Most Type 63s have been retired from active service, but a small number is still in service with the airborne and special forces. The Type 81 is an improved truck-mounted variant. The PLA recently introduced a new self-propelled 107mm rocket launcher design specifically designed for the airborne forces.;Land;
m220;m220.swf;The TOW missile system is a U.S. Designed series of anti-armor missiles and launchers. TOW is an acronym for Tube-launched, Optically-tracked Wire-guided. Variants of the TOW are used by infantry teams, on HMMWVs, on the Bradley Fighting Vehicle, the U.S. Marine Corps Improved Fighting Vehicle (IFV), on the Army Improved Tow Vehicle and on the Bell AH-1 Cobra attack helicopter platform. It has been supplanted on the AH-64 Apache by the newer Hellfire missile.;Land;
pac3;pac3.swf;Patriot Advanced Capability-3 (PAC-3) is a high/medium advanced surface-to-air guided missile air defense system. BMDO planned to select either (1) the Extended Range Interceptor (ERINT), which was designed to destroy missiles by colliding with them; or (2) the Patriot Multimode Interceptor, which incorporated a multimode seeker and an improved explosive warhead.;Air;
airport;airport.swf;0;;
Alpha;Alpha.swf;The Alpha vehicle was a partnership with PVI and Battelle, whose ShieldAll™ ceramic armoring has reportedly survived recent testing against EFP land mines._x000d_
_x000d_
The USMC’s letter allegedly said that explosives testing of the Alpha had “caused concern regarding overall vehicle survivability,’’ and unspecified “automotive’’ and “human factors’’ also “preclude safe vehicle operation.’’ These issues were, said the letter “borne out’’ by a limited troop evaluation and the military “is convinced that remediation of this issue would require significant redesign…. The result would be an unacceptable delay to future production orders.’’;Land;
Bearcat;Bearcat.swf;The Grumman F8F Bearcat (affectionately called "Bear") was an American single-engine naval fighter aircraft of the 1940s. It went on to serve into the mid-20th Century in the United States Navy and other air forces, and would be the company's final piston engined fighter aircraft.;Air;
BRDM-2;BRDM-2.swf;The BRDM-2  is an amphibious armoured patrol car used by Russia and the former Soviet Union. It was also known under designations BTR-40PB, BTR-40P-2 and GAZ 41-08. This vehicle, like many other Soviet designs, has been exported extensively and is in use in at least 38 countries. It was intended to replace the earlier BRDM-1 with a vehicle that had improved amphibious capabilities and better armament.;Land;
BTR-80;BTR-80.swf;The Soviets based the BTR-80 on the BTR-70 APC. It has a single 260-hp, V-8 turbocharged, water-cooled, diesel engine, an improvement over the twin gasoline engines installed in the BTR-60 and BTR-70 vehicles.;Land;
BTR_152;BTR_152.swf;The BTR-152 (also known as BTR-140) was a non-amphibious Soviet wheeled armored personnel carrier that entered Soviet service in 1950. By the early 1970s it had been replaced in the infantry vehicle role by the BTR-60. However, it remained in service in the Soviet Army and the Russian Army until 1993 in a variety of other roles. It was also exported to many Third World countries where some still remain in service.;Land;
Buffalo;Buffalo.swf;While the Casspir is a four wheeled vehicle, the Buffalo has six wheels. They are also fitted with a large articulated arm, used for ordnance disposal. Both vehicles incorporate a "V" shaped monohull chassis that directs the force of the blast away from the occupants. It is also now equipped with BAE Systems' LROD cage armor for additional protection against RPG-7 anti-tank rounds.;Land;
BULL;BULL.swf;The vehicle, known as the Bull, has proven effective at repelling blasts from explosively formed penetrators, or EFPs. These roadside bombs have been particularly lethal in Iraq because they can pierce even heavily armored vehicles. The Bull's method for defeating these bombs is classified,;Land;
Caesar;Caesar.swf;The French Caesar truck-mounted gun-howitzer, developed by GIAT, is a successor to self-moving artillery guns, fitted with auxiliary power unit.  It evolved from the F3 self-propelled howitzer, based on the AMX-13 light tank chassis. This artillery system was designed to meet the fire support requirements of rapid deployment forces.;Land;
Caiman;Caiman.swf;The Caiman is an armored vehicle with a V-hull design based on the Family of Medium Tactical Vehicles (FMTV) and Low Signature Armored Cab (LSAC), initially developed by Stewart & Stevenson. Stewart & Stevenson was later acquired by Armor Holdings in 2005 who developed the Caiman from the FMTV and LSAC designs. Armor Holdings also owned O'Gara-Hess & Eisenhardt (who had exclusive rights to the up-armor kits the U.S. Military selected for their Humvees) and Integrated Textile Systems (who had a ultra high molecular weight polyethylene fiber called Tensylon that is processed into composite armor) at the time. BAE Systems acquired Armor Holdings in 2007, and now develops and manufactures the Caiman as well as the Family of Medium Tactical Vehicles it is based on.;;
Centauro;Centauro.swf;The vehicle was developed in response to an Italian Army requirement for a tank destroyer with the firepower of the old Leopard 1 main battle tank then in service with the Italian Army but with greater strategic mobility. The main mission of the Centauro is to protect other lighter elements of the cavalry, using its good power-to-weight ratio, excellent range and cross country ability (despite the wheeled design) and computerized fire control system to accomplish this mission. Centauro entered production in 1991 and deliveries were complete by 2006;Land;
Cheetah;Cheetah.swf;The Cheetah MMPV (Medium Mine Protected Vehicle) is built by Force Protection Inc. It is the smallest of Force Protection's line-up, consisting of the (Buffalo, Cougar and the Cheetah). Its design is based on the RG-31 Charger class of light-armored vehicle and is intended as a reconnaissance, forward command and control, and urban operations vehicle for homeland security missions.;Land;
CHEVY_AFGHAN;CHEVY_AFGHAN.swf;protected against small arms, land mines and IEDs using a combination of design features and materials to protect both the crew and engine compartment against a wide range of attacks.;Land;
Cougar_6X6;Cougar_6X6.swf;The Cougar is a family of armored vehicles produced by Force Protection Inc, which manufactures ballistic and mine-protected vehicles. The automotives are integrated by Spartan Motors.[2] These specialty vehicles are protected against small arms, land mines and IEDs using a combination of design features and materials to protect both the crew and engine compartment against a wide range of attacks.[5] A Monocoque type, V-shaped hull that extends to the engine bay and serves to direct the blast away from under the vehicle. The dual air-conditioners help keep heavily dressed troops from overheating in the 100+ ¤F temperatures of Iraq.;Land;
Cougar_H_Series_4X4;Cougar_H_Series_4X4.swf;The Cougar is a family of armored vehicles produced by Force Protection Inc, which manufactures ballistic and mine-protected vehicles. The automotives are integrated by Spartan Motors. [2] These specialty vehicles are protected against small arms, land mines and IEDs using a combination of design features and materials to protect both the crew and engine compartment against a wide range of attacks;Land;
Dana_Howitzer-77;Dana_Howitzer-77.swf;short (3.25m) or a long (3.85m) wheelbase models and in a range of  variants including ambulances, logistics, and missile launchers. Personnel carriers /patrol vehicles are equipped with remote weapons stations which will take a 7.62 or 12.7mm machinegun, or a HK GMG 40mm grenade launcher. It has an integral collective NBC (nuclear, biological, chemical) protection and air-conditioning system. Other integral systems include GPS navigation, rear-view camera, ABS, as well as radio and internal communications systems. The vehicle has an authorized total weight of 9,200 kg for a payload of 1,200 kg plus five fully equipped soldiers.;Land;
Dingo;Dingo.swf;5-foot long, six-foot wide vehicle will be capable of carrying a payload of up to 2000 pounds of weapons, supplies or personnel. It will assist with not only taking some of the load carriage off the individual soldier, but he also provides a host of other functions. Primarily water generation (and) water purification. It's a recharging battery station for all the individual Objective Force Warriors in the squad. It acts as a weapons platform. It has day and night thermal, infrared and forward-looking imaging systems inside the nose of the mule, as well as chemical-biological sensors. The mule can also communicate with unmanned aerial vehicles to give the squad members a true 360-degree image of the battlefield. Currently this capability isn't available below the battalion level. It's a follower, and it can be manipulated and brought forth by any member of the squad.;Land;
fennek;fennek.swf;The Fennek, named after the fennec (a small species of desert fox), or LGS Fennek, with LGS being short for Leichter Gepanzerter Spähwagen in German (Light Armoured Reconnaissance Vehicle), is a four wheeled armed reconnaissance vehicle produced by the German company Krauss-Maffei Wegmann and Dutch Defence Vehicle Systems. It was developed for both the German Army and Royal Netherlands Army to replace their current vehicles.;Land;
Ford;Ford.swf;The F-350 Super Duty COMBATT demonstration vehicle has been structurally modified to handle gross vehicle weights of 12,700 pounds. The truck has enhanced axle differentials, upgraded suspension, electronically controlled high performance shock absorbers, supplemental air springs, a central tire inflation system and 37-inch tires with a run-flat system. The vehicle's ride height, tire pressure and firmness automatically adjust to the challenging driving conditions a military vehicle encounters. The truck has protective shielding on the underside as a safeguard in rough terrain.;Land;
FORD350_2_Utility;FORD350_2_Utility.swf;one of the most powerful self-propelled guns on a wheeled chassis.;Land;
G6_HOWITZER;G6_HOWITZER.swf;The GAZ-66 is a Russian 4x4 all-road (off road) military truck produced by GAZ. It was the main transport vehicle for motorized infantry of the Soviet Army;Land;
Gaz-66;Gaz-66.swf;0;Land;
GCD;GCD.swf;A military version of the 2003 Silverado is called MILCOTS (Militarized Commercial Off-The-Shelf or colloquially as the "Milverado") and is being purchased by the Canadian Forces. CF has ordered 861 units from GM Defense.;Land;
GMC_Sierra_Utility;GMC_Sierra_Utility.swf;There are at least 17 variants of the HMMWV in service with the United States armed forces. HMMWVs serve as cargo/troop carriers, automatic weapons platforms, ambulances (four litter patients or eight ambulatory patients), M220 TOW missile carriers, M119 howitzer prime movers, M1097 Avenger Pedestal Mounted Stinger platforms, MRQ-12 direct air support vehicles, S250 shelter carriers, and other roles. The HMMWV is capable of fording 2.5 ft (76 cm) normally, or 5 ft (1.5 m) with the deep-water fording kits installed.;Land;
HMMWV;HMMWV.swf;Husky, Armoured recovery vehicle (ARV). The Meerkat is intended only to detect land mines - the related Husky and its trailers are intended to dispose of detected mines.;Land;
Husky;Husky.swf;;Land;
International_MaxxPro_MPV;International_MaxxPro_MPV.swf;;Land;
IVMMD_F-MDT;IVMMD_F-MDT.swf;0;Land;
IVMMD_S-MDT;IVMMD_S-MDT.swf;0;Land;
IVMMD_T-MDT;IVMMD_T-MDT.swf;the KrAZ-255 off-road truck. It was like nothing anyone had ever seen before. With its massive off-road tires, high ground clearance, & large size, the KrAZ-255 was the ULTIMATE off-road heavy-duty truck.;Land;
KRAZ_255;KRAZ_255.swf;0;Land;
Luggage_Cart-001;Luggage_Cart-001.swf;Fully-loaded M1045, M1045A1, M1045A2, M1046, and M1046A1 TOW carriers w/supplemental armor will climb road grades as steep as 60% (3-1°) and traverse a side slope of up to 40% (220). The vehicles ford hard bottom water crossings up to 30 inches (76 centimeters) without a deepwater fording kit and 60 inches (152 centimeters) with the kit.;Land;
M1046;M1046.swf;The M1097 and M1097A1 HMMWVs are higher payload capacity cargo/troop carrier configurations of the HMMWV family. The vehicles are equipped with basic armor and used to transport equipment, materials, and/or personnel, like the M998/M1038 series, except with a higher payload capacity. The M1097, M1097A1, M1097A2 and M1123 heavy variant cargo/troop carriers are used to transport equipment, materials, and/or personnel.;Land;
M1097;M1097.swf;The M1097 series HMMWVs were higher payload capacity cargo/troop carrier configurations of the HMMWV family. The vehicles were equipped with basic armor and used to transport equipment, materials, and/or personnel, like the M998/M1038 series, except with a higher payload capacity.;Land;
M1117;M1117.swf;The M1117 Guardian Armored Security Vehicle, or ASV, is an all-wheel drive armored vehicle manufactured by Cadillac Gage of Textron for use by the United States Army Military Police Corps. Its armament consists of a Mk 19 grenade launcher and M2 Browning Machine Gun, mounted in a turret similar to that used on the US Marine Corps' The IAV Stryker is a family of eight-wheeled all-wheel-drive armored combat vehicles produced by General Dynamics Land Systems, in use by the United States Army. Based on the Canadian LAV III light-armored vehicle, which in turn is based on the Swiss MOWAG Piranha III 8x8, the Stryker is the U.S. Army's first new armored vehicle since the M2/M3 Bradley Fighting Vehicle in the 1980s.;Land;
M1126_M2;M1126_M2.swf;The RV provides an effective platform for RSTA Squadrons and battalion scouts to perform reconnaissance and surveillance operations. The RV accommodates a squad of six and an additional augmentee, for a total vehicle capacity of seven personnel.;Land;
M1127;M1127.swf;The RV provides an effective platform for RSTA Squadrons and battalion scouts to perform reconnaissance and surveillance operations. The RV accommodates a squad of six and an additional augmentee, for a total vehicle capacity of seven personnel._x000d_
_x000d_
The platform is a key enabler for both sensor and HUMINT focused surveillance and intelligence operations.;Land;
M1128;M1128.swf;The M1130 Commander Vehicle (CV) is an armoured vehicle based on the Stryker platform that provides the brigade with the means to receive information and data, analyze, prepare and transmit data, and control the forces/functions carrying out combat missions.;Land;
M1130;M1130.swf;The Fire Support Vehicle (FSV) of the Stryker series provides automated enhanced surveillance, target acquisition, target identification, target tracking, target designation, position location and communications functionality. Targets will be transmitted instantly to the fire support system and shooter.;Land;
M1131;M1131.swf;The Medical Evacuation Vehicle (MEV) is the Battalion Aid Station for brigade units, providing treatment for serious injury and advanced trauma cases;Land;
M1133;M1133.swf;The NBC RV provides NBC situational awareness to increase the combat power of the BCT. The core of the NBC RV is its on-board integrated NBC sensor suite and integrated meteorological system. An NBC positive overpressure system that minimizes cross-contamination of samples and detection instruments, provides crew protection, and allows extended operations at MOPP 0.;Land;
M1135;M1135.swf;;Land;
M_1089;M_1089.swf;The M1089 Wrecker is designed to recover vehicles in the 5 ton or less weight class. The M1089 Wrecker features front or rear disabled vehicle lift and tow capability. The M1089 is equipped with two, 30,000 pound main winch assemblies, with 300 feet of cable each. The M1089 also equipped with a MHE rated at 11,000 pounds with the boom extended at 14 feet. Both MHE and main winches feature remote control capabilities.;Land;
Meerkat;Meerkat.swf;The Meerkat is the lead vehicle in the Interim Vehicle Mounted Mine Detector [IVMMD] system [1], which evolved from a system known as Chubby.;Air;
Military_Bus;Military_Bus.swf;;Land;
Oshkosh_Bushmaster;Oshkosh_Bushmaster.swf;The Oshkosh Mk.48 series of articulated trucks began life as the Lockheed design, named 'Twister'. Later the Oshkosh Truck Corporation signed license agreement with Lockheed and developed it into commercial design. In 1983 it was ordered by the US Marine Corps as the Mk.48 LVS (Logistic Vehicle System). Sometimes it is nicknamed the Dragon Wagon. This nickname was borrowed from the World War II tank transporter.;Land;
Pandur_II_6X6_KD-V30;Pandur_II_6X6_KD-V30.swf;The baseline version of the Pandur II is an infantry 6x6 armoured personnel carrier configured to carry a driver, gunner, and commander with six fully equipped troops. Other versions in the Pandur II family will be in 6x6 and 8x8 configurations and will include a platoon command vehicle, company or battalion command vehicle, fully amphibious armoured vehicle, an anti-tank guided weapon carrier, forward observer vehicle, battlefield ambulance and a driver training vehicle.;Land;
Pantsyr_S1_Air_Defense;Pantsyr_S1_Air_Defense.swf;Pantsyr-S1 (also known as Pantsir) is a close-in air defence system designed to defend ground installations against a variety of weapons including both fixed-wing aircraft and helicopters, ballistic and cruise missiles, precision-guided munitions and unmanned air vehicles. It can also engage light-armoured ground targets.;Land;
patria;patria.swf;The Patria AMV (Armored Modular Vehicle) is an 8x8 or 6x6 multi-role military vehicle produced by the Finnish weapons manufacturer Patria.;Land;
RAFAEL_Golan;RAFAEL_Golan.swf;RAFAEL teamed with US based PVI and the Merkava program Office (Mantak), to develop the Golan Heavy Wheeled Armored vehicle. This 15 ton armored, wheeled troop carrier is configured to accommodate 10 troops in a highly protected environment.;Land;
RG-31;RG-31.swf;The RG-31 Nyala is a multi-purpose mine-protected armoured personnel carrier (APC) manufactured in South Africa by Land Systems OMC a division of BAE Systems.  The vehicle’s V-shaped monocoque welded steel hull and high suspension are designed to resist a blast equivalent to two TM-57 anti-tank mines detonating simultaneously. The RG-31 is classified by the United States Department of Defense as a category 1 Mine Resistant Ambush Protected (MRAP) vehicle.;Land;
RG-33;RG-33.swf;The RG-33 is a mine-resistant light armored vehicle designed by BAE Systems Land Systems South Africa (formerly Land Systems OMC) a South African subsidiary of BAE Systems and built in York, Pennsylvania, USASystems, in use by the United States Army. Based on the Canadian LAV III light-armored vehicle, which in turn is based on the Swiss MOWAG Piranha III 8x8, the Stryker is the U.S. Army's first new armored vehicle since the M2/M3 Bradley Fighting Vehicle in the 1980s.;Land;
Stryker (M1126);Stryker (M1126).swf;The IAV Stryker is a family of eight-wheeled all-wheel-drive armored combat vehicles produced by General Dynamics Land Systems, in use by the United States Army. Based on the Canadian LAV III light-armored vehicle, which in turn is based on the Swiss MOWAG Piranha III 8x8, the Stryker is the U.S. Army's first new armored vehicle since the M2/M3 Bradley Fighting Vehicle in the 1980s.;Land;
SuperWedge_Launcher;SuperWedge_Launcher.swf;The ZPU-4 is a towed quadruple barreled anti-aircraft gun based on the Soviet KPV 14.5 mm machine gun. It entered service with the Soviet Union in 1949 and is used by over 50 countries worldwide. Double and single barreled version of the weapon exist - called the ZPU-2 and ZPU-1 respectively.;Land;
Technical-001_ZPU-4;Technical-001_ZPU-4.swf;The M40 is a bolt-action sniper rifle used by the United States Marine Corps.[1] It has had three variants — the M40, the M40A1 and the M40A3. The M40 was introduced in 1966. The changeover to the A1 model was completed in the 1970s, and the A3 in the 2000s.;Land;
Technical-002_Kornet;Technical-002_Kornet.swf;0;Land;
Technical-004_M40;Technical-004_M40.swf;The ZPU-4 is a towed quadruple barreled anti-aircraft gun based on the Soviet KPV 14.5 mm machine gun. It entered service with the Soviet Union in 1949 and is used by over 50 countries worldwide. Double and single barreled version of the weapon exist - called the ZPU-2 and ZPU-1 respectively.;Land;
Technical-005_DHSK;Technical-005_DHSK.swf;0;Land;
Technical-006_ZPU-2;Technical-006_ZPU-2.swf;It mounts two 2A14 23 mm autocannons on a small trailer which can be converted into a stationary mount for firing the guns. While in this position the wheels are moved aside. The autocannon can be prepared for firing from the march position in 30 seconds and in emergency can be fired from the traveling position. The weapon is aimed and fired manually, with the help of the ZAP-23 optical-mechanical sight which uses manually entered target data to provide limited automatic aiming.;Land;
Technical-007_B-10;Technical-007_B-10.swf;The Norinco Type 63 is a Chinese amphibious light tank. First fielded in 1963, it is in many ways similar to the earlier Soviet PT-76. However, contrary to the popular belief, it does have some essential differences from the PT-76 in the vehicle's waterjet propulsion system, etc. It is also known under its industrial designation, WZ211.;Land;
Technical-009_ZU-23-2;Technical-009_ZU-23-2.swf;The M1025 could be equipped with M2 or M60 machine guns, as well as MK.19 grenade launchers. This famous vehicle is now part of the Tamiya's Military Miniature Series.;Land;
Technical-010_Type_63;Technical-010_Type_63.swf;0;Land;
Technical-011_M2;Technical-011_M2.swf;0;Land;
Technical-015_M249;Technical-015_M249.swf;0;Land;
Technical-016_RPK;Technical-016_RPK.swf;0;Land;
Technical-020_M2;Technical-020_M2.swf;0;Land;
Technical-021_B8M1;Technical-021_B8M1.swf;0;Land;
Technical-022_KPV;Technical-022_KPV.swf;0;Land;
Technical-025_UB_16_57;Technical-025_UB_16_57.swf;0;Land;
Technical-027_UB-16;Technical-027_UB-16.swf;0;Land;
trailer_generator-001;trailer_generator-001.swf;0;Land;
trailer_generator-002;trailer_generator-002.swf;0;Land;
truck-010-jingle;truck-010-jingle.swf;0;Land;
truck-024_usairways;truck-024_usairways.swf;0;Land;
truck-025_united;truck-025_united.swf;0;Land;
truck-029_united;truck-029_united.swf;0;Land;
truck_007;truck_007.swf;0;Land;
truck_017B;truck_017B.swf;0;Land;
UGV_MULE;UGV_MULE.swf;Unmanned ground vehicles (UGV) are robotic platforms that are used as an extension of human capability. This type of robot is generally capable of operating outdoors and over a wide variety of terrain, functioning in place of humans.;Land;
VAB_4x4;VAB_4x4.swf;0Amphibious Assault Vehicle, and a M249 Squad Automatic Weapon mounted outside the gunner's hatch. The vehicle has become very popular with U.S. Military Police Units and Convoy Security Units in Iraq. It is a more heavily protected and heavily armed alternative to the armored HMMWV which was not originally designed to be a protected fighting vehicle.;Land;
VBL;VBL.swf;The Panhard Véhicule Blindé Léger ("Light armoured vehicle") is a wheeled 4x4 all-terrain vehicle offered in various configurations. It was designed to combine the agility of the Peugeot VLTT liaison vehicle with adequate protection against small arms fire, artillery fragments, mines and NBC weapons. The VBL is fully amphibious and can swim at 5.4 km/h ; it is also air transportable by C-130, C-160 and A400M.;Land;
Zil;Zil.swf;Zavod imeni Likhacheva More commonly called ZIL (or ZiL, Russian: Завод имени Лихачёва (ЗиЛ) — Likhachev Factory, literally "Factory named after Likhachev") is a major Russian truck and heavy equipment manufacturer, which also produced armored cars for most Soviet leaders, as well as buses, armored fighting vehicles, and aerosans. The company also produces hand-built limousines and high-end luxury sedans in extremely low quantities, primarily for the Russian government.;Land;
ZILH131;ZILH131.swf;0The ZIL-131 is a general purpose 3.5 tons 6x6 army truck, the basic model being a general cargo truck. Variants include a tractor-trailer truck, a dump truck, a fuel truck, and a 6x6 for towing a 4-wheeled powered trailer. The ZIL-131 also serves as a platform for the BM-51 "Prima" rocket launcher, a 50-tube variant of the BM-21 "Grad".;Land;
