Slug;Original Image;Description;Tags;ShowInGallery
Koni_Class;Koni_Class_01.jpg;Koni  Class openflight real-time 3d model simulation;Surface;1
M88A2;M88A2_01.jpg;M88A2 openflight real-time 3d model simulation;Land;1
Frog-7B;Frog-7B_01.jpg;Frog-7 rocket launcher openflight real-time 3d model simulation;Land;1
Saxon;Saxon_01.jpg;AT 105 Saxon openflight real-time 3d model simulation;Land;1
BGM-109;BGM-109_01.jpg;BGM-109 Tomahawk openflight real-time 3d model simulation;Air;1
23B;23B_01.jpg;openflight real-time 3d model simulation;;1
M109A6;M109A6_01.jpg;M109 155-mm SP Howitzer openflight real-time 3d model simulation;Land;1
Technical-029_ZU-23-2;Technical-029_ZU-23-2_01.jpg;Technical-029  ZU-23-2 openflight real-time 3d model simulation;Land;1
truck-028_M2;truck-028_M2_01.jpg;truck-028  M2 openflight real-time 3d model simulation;Land;1
truck-027_UB-16;truck-027_UB-16_01.jpg;truck-027  UB-16 openflight real-time 3d model simulation;Land;1
Technical-023_ZU-23-1;Technical-023_ZU-23-1_01.jpg;openflight real-time 3d model simulation;Land;1
Technical-018_ZPU2;Technical-018_ZPU2_01.jpg;openflight real-time 3d model simulation;Land;1
Technical-018_RPK;Technical-018_RPK_01.jpg;openflight real-time 3d model simulation;Land;1
Technical-017_ZU-23-2;Technical-017_ZU-23-2_01.jpg;openflight real-time 3d model simulation;Land;1
Technical-014_ZU-23-2;Technical-014_ZU-23-2_01.jpg;openflight real-time 3d model simulation;Land;1
Technical-013_ZPU-4;Technical-013_ZPU-4_01.jpg;openflight real-time 3d model simulation;Land;1
Technical-012_ZU-23-2;Technical-012_ZU-23-2_01.jpg;openflight real-time 3d model simulation;Land;1
RC135;RC135_01.jpg;Boeing  RC-135 openflight real-time 3d model simulation;Air;1
RQ-1A_Predator;RQ-1A_Predator_01.jpg;RQ  Predator  Medium  Altitude  Endurance  UAV openflight real-time 3d model simulation;Air;1
S-3B_viking;S-3B_viking_01.jpg;Lockheed  S-3  Viking openflight real-time 3d model simulation;Air;1
ScanEagle;ScanEagle_01.jpg;Boeing  ScanEagle openflight real-time 3d model simulation;Air;1
Silver_Fox;Silver_Fox_01.jpg;Silver  Fox openflight real-time 3d model simulation;Air;1
Skylark;Skylark_01.jpg;Skylark openflight real-time 3d model simulation;Air;1
SU-24;SU-24_01.jpg;Su-24  Fencer openflight real-time 3d model simulation;Air;1
Su-27;Su-27_01.jpg;Su-27  Flanker openflight real-time 3d model simulation;Air;1
Su-30MKI;Su-30MKI_01.jpg;Su-30MKI openflight real-time 3d model simulation;Air;1
Su-30MKK;Su-30MKK_01.jpg;Su-30MKK openflight real-time 3d model simulation;Air;1
SU_37;SU_37_01.jpg;Su-37  multirole  fighter openflight real-time 3d model simulation;Air;1
T-45a_Goshawk;T-45a_Goshawk_01.jpg;Goshawk  T-45A openflight real-time 3d model simulation;Air;1
U-2_Spy_plane;U-2_Spy_plane_01.jpg;Lockheed  U-2 openflight real-time 3d model simulation;Air;1
V-22;V-22_01.jpg;Bell  Boeing  V-22  Osprey openflight real-time 3d model simulation;Air;1
Warrior_ERMP;Warrior_ERMP_01.jpg;Warrior  ERMP openflight real-time 3d model simulation;Air;1
Watchkeeper;Watchkeeper_01.jpg;Watchkeeper openflight real-time 3d model simulation;Air;1
2S12;2S12_01.jpg;2S12  120a-mm openflight real-time 3d model simulation;Land;1
57MM_S60;57MM_S60_01.jpg;S-60  57mm  AA  Gun/57 mm AZP S-60 openflight real-time 3d model simulation;Land;1
G5_155mm;G5_155mm_01.jpg;Type  WA  021  WAC-21  155mm  Gun-Howitzer openflight real-time 3d model simulation;Land;1
KPV_TOWED;KPV_TOWED_01.jpg;KPV  TOWED openflight real-time 3d model simulation;Land;1
M-220_Tow;M-220_Tow_01.jpg;M-220  Tow openflight real-time 3d model simulation;Land;1
M115_HOW;M115_HOW_01.jpg;M115  8-inch  Howitzer openflight real-time 3d model simulation;Land;1
PAC3_M901;PAC3_M901_01.jpg;M901  40-mm  machine  gun openflight real-time 3d model simulation;Land;1
A320;A320_01.jpg;A320  AirBus openflight real-time 3d model simulation;Air;1
AN-2;AN-2_01.jpg;An-2-3  Colt openflight real-time 3d model simulation;Air;1
A-10;A-10_01.jpg;A-10 Thunderbolt openflight real-time 3d model simulation;Air;1
BAe_Hawk_200;BAe_Hawk_200_01.jpg;Bae  Hawk openflight real-time 3d model simulation;Air;1
Boeing-737;Boeing-737_01.jpg;Boeing  737 openflight real-time 3d model simulation;Air;1
Boeing_747;Boeing_747_01.jpg;Boeing  747-400 openflight real-time 3d model simulation;Air;1
C-12_Huron;C-12_Huron_01.jpg;C-12 Huron openflight real-time 3d model simulation;Air;1
C-130;C-130_01.jpg;Lockheed  C-130 openflight real-time 3d model simulation;Air;1
C-141B_Starlifter;C-141B_Starlifter_01.jpg;C-141B  Starlifter openflight real-time 3d model simulation;Air;1
C23_Sherpa;C23_Sherpa_01.jpg;Short C-23A  Sherpa openflight real-time 3d model simulation;Air;1
E2C_Hawkeye;E2C_Hawkeye_01.jpg;E-2  Hawkeye openflight real-time 3d model simulation;Air;1
E3A;E3A_01.jpg;Boeing  E-3  Sentry openflight real-time 3d model simulation;Air;1
EA-6B;EA-6B_01.jpg;EA-6  Prowler openflight real-time 3d model simulation;Air;1
F-15C;F-15C_01.jpg;F-15  Eagle openflight real-time 3d model simulation;Air;1
F-15E;F-15E_01.jpg;F-15E Strike Eagle openflight real-time 3d model simulation;Air;1
F16;F16_01.jpg;F-16  Fighting  Falcon openflight real-time 3d model simulation;Air;1
F4_Phantom;F4_Phantom_01.jpg;F-4  Phantom  II openflight real-time 3d model simulation;Air;1
FA-18C;FA-18C_01.jpg;FA-18  Hornet openflight real-time 3d model simulation;Air;1
HAWK;HAWK_01.jpg;MIM-23B I-Hawk openflight real-time 3d model simulation;Air;1
IL-76;IL-76_01.jpg;Il-76  Candid openflight real-time 3d model simulation;Air;1
J10;J10_01.jpg;J10 openflight real-time 3d model simulation;Air;1
Jaguar;Jaguar_01.jpg;Jaguar openflight real-time 3d model simulation;Air;1
KC-10A;KC-10A_01.jpg;McDonnell-Douglas  KC-10  Extender openflight real-time 3d model simulation;Air;1
KC-135;KC-135_01.jpg;Boeing  KC-135  Stratotanker openflight real-time 3d model simulation;Air;1
Boeing_B-52D;Boeing_B-52D_01.jpg;Boeing  B-52  Stratofortress openflight real-time 3d model simulation;Air;1
L-159;L-159_01.jpg;Aero  L-159 openflight real-time 3d model simulation;Air;1
Mig-25;Mig-25_01.jpg;MiG-25  Foxbat openflight real-time 3d model simulation;Air;1
MiG-29;MiG-29_01.jpg;MiG-29  Fulcrum openflight real-time 3d model simulation;Air;1
MIG-31;MIG-31_01.jpg;MiG-31  Foxhound openflight real-time 3d model simulation;Air;1
MIRAGE_2000C;MIRAGE_2000C_01.jpg;Mirage  2000 openflight real-time 3d model simulation;Air;1
Mirage_F1;Mirage_F1_01.jpg;Mirage  F-1 openflight real-time 3d model simulation;Air;1
PC-9;PC-9_01.jpg;Pilatus  Flugzeugwerke  SA  PC-9 openflight real-time 3d model simulation;Air;1
Pelikan;Pelikan_01.jpg;Pelikan openflight real-time 3d model simulation;Air;1
AH-64D;AH-64D_01.jpg;AH-64D openflight real-time 3d model simulation;Air;1
ARH-70;ARH-70_01.jpg;ARH-70 openflight real-time 3d model simulation;Air;1
CH-47D;CH-47D_01.jpg;Boeing  Models  114/414 openflight real-time 3d model simulation;Air;1
Class_I_UAV;Class_I_UAV_01.jpg;FCS  UAV  Class  I openflight real-time 3d model simulation;Air;1
Class_II_UAV;Class_II_UAV_01.jpg;FCS  UAV  Class  II openflight real-time 3d model simulation;Air;1
Class_III_UAV;Class_III_UAV_01.jpg;FCS  UAV  Class  III openflight real-time 3d model simulation;Air;1
Class_IV_UAV;Class_IV_UAV_01.jpg;FCS  UAV  Class  IV openflight real-time 3d model simulation;Air;1
MAV;MAV_01.jpg;MAV openflight real-time 3d model simulation;Air;1
Mi-2UPR;Mi-2UPR_01.jpg;Mi-2UPR openflight real-time 3d model simulation;Air;1
MI-28_Havoc;MI-28_Havoc_01.jpg;Mi-28  Havoc openflight real-time 3d model simulation;Air;1
RQ-8A;RQ-8A_01.jpg;RQ-8A openflight real-time 3d model simulation;Air;1
S-92_Sikorsky;S-92_Sikorsky_01.jpg;Sikorsky  S-92 openflight real-time 3d model simulation;Air;1
DDG-1000_Zumwalt;DDG-1000_Zumwalt_01.jpg;DDG-1000  Zumwalt openflight real-time 3d model simulation;Surface;1
KittyHawk;KittyHawk_01.jpg;John  F-Kennedy  Class  Kitty  Hawk openflight real-time 3d model simulation;Surface;1
Patrolboat_Sing;Patrolboat_Sing_01.jpg;Sawar  Class  inshore  patrol  boat openflight real-time 3d model simulation;Surface;1
AAVc7A;AAVc7A_01.jpg;AAV7A1 (amphibious assault vehicle) openflight real-time 3d model simulation;Land;1
AMX-30;AMX-30_01.jpg;AMX-30 openflight real-time 3d model simulation;Land;1
Armed_Robotic_Vehicle_ARV;Armed_Robotic_Vehicle_ARV_01.jpg;Buffel  ARV openflight real-time 3d model simulation;Land;1
AS_90;AS_90_01.jpg;AS90  155-mm openflight real-time 3d model simulation;Land;1
BAE_Black_Knight;BAE_Black_Knight_01.jpg;BAE  Black  Knight openflight real-time 3d model simulation;Land;1
BMD-2;BMD-2_01.jpg;BMD-2 openflight real-time 3d model simulation;Land;1
BMD-3;BMD-3_01.jpg;BMD-3 openflight real-time 3d model simulation;Land;1
BMP-2;BMP-2_01.jpg;BMP-2 openflight real-time 3d model simulation;Land;1
BV206;BV206_01.jpg;bandvagn 206 openflight real-time 3d model simulation;Land;1
C2V;C2V_01.jpg;M4 Command and Control Vehicle (C2V) openflight real-time 3d model simulation;Land;1
Challenger1;Challenger1_01.jpg;Challenger  MBT openflight real-time 3d model simulation;Land;1
S-200_SA-5_GAMMON;S-200_SA-5_GAMMON_01.jpg;SA-5  Gammon openflight real-time 3d model simulation;Air;1
Sa-2;Sa-2_01.jpg;SA-2  Missile  Launcher openflight real-time 3d model simulation;Air;1
Type_63_MRL;Type_63_MRL_01.jpg;Type  63  130mm  Multiple  Rocket  Launcher  MRL openflight real-time 3d model simulation;Land;1
ZPU-4;ZPU-4_01.jpg;ZPU-4 openflight real-time 3d model simulation;Air;1
ZU_23_2;ZU_23_2_01.jpg;ZU-23  twin  23mm  AA  Gun openflight real-time 3d model simulation;Air;1
AH-1W;AH-1W_01.jpg;AH-1W openflight real-time 3d model simulation;Air;1
AH-64A;AH-64A_01.jpg;AH-64  Apache openflight real-time 3d model simulation;Air;1
Command_and_Control_Vehicle_C2V;Command_and_Control_Vehicle_C2V_01.jpg;FCS  Command  and  Control  Vehicle openflight real-time 3d model simulation;Land;1
FV101_SCORPION;FV101_SCORPION_01.jpg;FV  101  Scorpion openflight real-time 3d model simulation;Land;1
FV103_Spartan;FV103_Spartan_01.jpg;FV  103  Spartan  APC openflight real-time 3d model simulation;Land;1
FV105;FV105_01.jpg;FV  105  Sultan openflight real-time 3d model simulation;Land;1
Irobot_Packbot_Explorer;Irobot_Packbot_Explorer_01.jpg;Irobot  Packbot  Explorer openflight real-time 3d model simulation;Land;1
Leclerc;Leclerc_01.jpg;openflight real-time 3d model simulation;Land;1
Leopard_C2A1_MEXAS;Leopard_C2A1_MEXAS_01.jpg;Leopard MBT openflight real-time 3d model simulation;Land;1
FCS  MULE;FCS  MULE_01.jpg;Multifunction Utility Logistic Equipment_x000d_
Multifunction Utility/Logistics Equipment Vehicle openflight real-time 3d model simulation;Land;1
M1A2;M1A2_01.jpg;M1A2 openflight real-time 3d model simulation;Land;1
M60A3;M60A3_01.jpg;M60  Main  Battle  Tank  MBT openflight real-time 3d model simulation;Land;1
M113;M113_01.jpg;FMC  M113  Armored  Personnel  Carrier  APC openflight real-time 3d model simulation;Land;1
M901A3;M901A3_01.jpg;M901A1 openflight real-time 3d model simulation;Land;1
Medical_Vehicle_MV;Medical_Vehicle_MV_01.jpg;FCS  Medical  Vehicle-Evacuation openflight real-time 3d model simulation;Land;1
MULE_Armed_Robotic_Vehicule_ARVA-L;MULE_Armed_Robotic_Vehicule_ARVA-L_01.jpg;FCS  Armed  Robotic  vehicle-STA openflight real-time 3d model simulation;Land;1
MULE_Mine_Clearing;MULE_Mine_Clearing_01.jpg;FCS  MULE  Countermine openflight real-time 3d model simulation;Land;1
MULE_Transport;MULE_Transport_01.jpg;FCS  MULE  Transport openflight real-time 3d model simulation;Land;1
Multifunctional_Utility_Logistics_and_Equipment_MULE_Darpa;Multifunctional_Utility_Logistics_and_Equipment_MULE_Darpa_01.jpg;RSV  Recon  and  Surveillance  Vehicle openflight real-time 3d model simulation;Land;1
FRMV_Recovery_and_Maintenance_Vehicle;FRMV_Recovery_and_Maintenance_Vehicle_01.jpg;FRMV  Recovery  and  Maintenance  Vehicle openflight real-time 3d model simulation;Land;1
RSV_Recon_and_Surveillance_Vehicle;RSV_Recon_and_Surveillance_Vehicle_01.jpg;FCS  Recon  and  Survey  Vehicle openflight real-time 3d model simulation;Land;1
Robot_Talon;Robot_Talon_01.jpg;FCS  Armed  Robotic  Vehicle-RSTA openflight real-time 3d model simulation;Land;1
Robot_Talon_GRENADE;Robot_Talon_GRENADE_01.jpg;Robot  Talon  GRENADE openflight real-time 3d model simulation;Land;1
Robot_Talon_SWORD;Robot_Talon_SWORD_01.jpg;Robot  Talon  SWORD openflight real-time 3d model simulation;Land;1
Sa-4;Sa-4_01.jpg;SA-4  Ganef  SAM  System openflight real-time 3d model simulation;Land;1
SA-6;SA-6_01.jpg;SA-6  Gainful  SAM  System openflight real-time 3d model simulation;Land;1
SA-19-Grison;SA-19-Grison_01.jpg;SA-19  Grison openflight real-time 3d model simulation;Land;1
Small_Unmanned_Ground_Vehicle_SUGV;Small_Unmanned_Ground_Vehicle_SUGV_01.jpg;FCS  Small  Unattended  Ground  Vehicle openflight real-time 3d model simulation;Land;1
T80UM1;T80UM1_01.jpg;T-80  MBT openflight real-time 3d model simulation;Land;1
T90;T90_01.jpg;T-90  MBT openflight real-time 3d model simulation;Land;1
Technical_019_DHSK;Technical_019_DHSK_01.jpg;Technical  019  DHSK openflight real-time 3d model simulation;Land;1
Type69;Type69_01.jpg;Type  69 openflight real-time 3d model simulation;Land;1
Wiesel_Oselot;Wiesel_Oselot_01.jpg;Wiesel  Oselot openflight real-time 3d model simulation;Land;1
ZSU23-4;ZSU23-4_01.jpg;ZSU-23  4  Quad  23mm  AAA openflight real-time 3d model simulation;Land;1
120mm_HE;120mm_HE_01.jpg;120  mm  HE  FRAG openflight real-time 3d model simulation;Land;1
B-10;B-10_01.jpg;B-10  82-mm  recoilless  gun openflight real-time 3d model simulation;Land;1
DSHK;DSHK_01.jpg;DSHK openflight real-time 3d model simulation;Land;1
DSHK-MOUNTED;DSHK-MOUNTED_01.jpg;DSHK-MOUNTED openflight real-time 3d model simulation;Land;1
IED;IED_01.jpg;IED openflight real-time 3d model simulation;Land;1
KPV-MOUNTED;KPV-MOUNTED_01.jpg;KPV-MOUNTED openflight real-time 3d model simulation;Land;1
M2_STAND;M2_STAND_01.jpg;M2  60-mm openflight real-time 3d model simulation;Land;1
M2-MOUNTED;M2-MOUNTED_01.jpg;M2-MOUNTED openflight real-time 3d model simulation;Land;1
M40_STAND;M40_STAND_01.jpg;106  mm  RCL40  M40 openflight real-time 3d model simulation;Land;1
MAG_GPNG_7-62;MAG_GPNG_7-62_01.jpg;Magnum openflight real-time 3d model simulation;Land;1
MK_19;MK_19_01.jpg;Mk  19  40-mm openflight real-time 3d model simulation;Land;1
Mortar_2B14_1;Mortar_2B14_1_01.jpg;Mortar  2B14  1 openflight real-time 3d model simulation;Land;1
Mortar_2S12;Mortar_2S12_01.jpg;2S12  120-mm openflight real-time 3d model simulation;Land;1
TYPE63_ROCKET;TYPE63_ROCKET_01.jpg;Type  63  130mm  Multiple  Rocket  Launcher  MRL openflight real-time 3d model simulation;Land;1
m220;m220_01.jpg;The M-220 TOW Missile System openflight real-time 3d model simulation;Land;1
pac3;pac3_01.jpg;Patriot Advanced Capability-3 (MIM-104 Patriot) openflight real-time 3d model simulation;Air;1
airport;airport_01.jpg;airport openflight real-time 3d model simulation;;1
Alpha;Alpha_01.jpg;Alpha MRAP openflight real-time 3d model simulation;Land;1
Bearcat;Bearcat_01.jpg;Grumman F8F Bearcat openflight real-time 3d model simulation;Air;1
BRDM-2;BRDM-2_01.jpg;BRDM-2  Reconnaissance  vehicle openflight real-time 3d model simulation;Land;1
BTR-80;BTR-80_01.jpg;BTR-80 openflight real-time 3d model simulation;Land;1
BTR_152;BTR_152_01.jpg;BTR-152 openflight real-time 3d model simulation;Land;1
Buffalo;Buffalo_01.jpg;Buffalo openflight real-time 3d model simulation;Land;1
BULL;BULL_01.jpg;BULL openflight real-time 3d model simulation;Land;1
Caesar;Caesar_01.jpg;M109 155-mm SP Howitzer openflight real-time 3d model simulation;Land;1
Caiman;Caiman_01.jpg;BAE Caiman openflight real-time 3d model simulation;;1
Centauro;Centauro_01.jpg;Centauro  B-1 openflight real-time 3d model simulation;Land;1
Cheetah;Cheetah_01.jpg;Cheetah openflight real-time 3d model simulation;Land;1
CHEVY_AFGHAN;CHEVY_AFGHAN_01.jpg;CHEVY  AFGHAN openflight real-time 3d model simulation;Land;1
Cougar_6X6;Cougar_6X6_01.jpg;Cougar  Type openflight real-time 3d model simulation;Land;1
Cougar_H_Series_4X4;Cougar_H_Series_4X4_01.jpg;Cougar  H  Series  4X4 openflight real-time 3d model simulation;Land;1
Dana_Howitzer-77;Dana_Howitzer-77_01.jpg;Dana  Howitzer-77 openflight real-time 3d model simulation;Land;1
Dingo;Dingo_01.jpg;ATF Dingo openflight real-time 3d model simulation;Land;1
fennek;fennek_01.jpg;openflight real-time 3d model simulation;Land;1
Ford;Ford_01.jpg;Ford openflight real-time 3d model simulation;Land;1
FORD350_2_Utility;FORD350_2_Utility_01.jpg;FORD350  2  Utility openflight real-time 3d model simulation;Land;1
G6_HOWITZER;G6_HOWITZER_01.jpg;G6 155-mm Howitzer openflight real-time 3d model simulation;Land;1
Gaz-66;Gaz-66_01.jpg;GAZ-66  4x4  2000-kg  truck openflight real-time 3d model simulation;Land;1
GCD;GCD_01.jpg;openflight real-time 3d model simulation;Land;1
GMC_Sierra_Utility;GMC_Sierra_Utility_01.jpg;GMC  Sierra  Utility openflight real-time 3d model simulation;Land;1
HMMWV;HMMWV_01.jpg;LTV  HMMWV  M998-series  multipurpose  wheeled  vehicles openflight real-time 3d model simulation;Land;1
Husky;Husky_01.jpg;UAZ-469B 4x4 600-kg light vehicle openflight real-time 3d model simulation;Land;1
International_MaxxPro_MPV;International_MaxxPro_MPV_01.jpg;International MaxxPro openflight real-time 3d model simulation;Land;1
IVMMD_F-MDT;IVMMD_F-MDT_01.jpg;IVMMD  F-MDT openflight real-time 3d model simulation;Land;1
IVMMD_S-MDT;IVMMD_S-MDT_01.jpg;IVMMD  S-MDT openflight real-time 3d model simulation;Land;1
IVMMD_T-MDT;IVMMD_T-MDT_01.jpg;IVMMD  T-MDT openflight real-time 3d model simulation;Land;1
KRAZ_255;KRAZ_255_01.jpg;KrAZ-255B  6x6  7500-kg  truck openflight real-time 3d model simulation;Land;1
Luggage_Cart-001;Luggage_Cart-001_01.jpg;Luggage  Cart-001 openflight real-time 3d model simulation;Land;1
M1046;M1046_01.jpg;M1046  TOW  missile  carrier  supplemental  armor  with  winch openflight real-time 3d model simulation;Land;1
M1097;M1097_01.jpg;M1097 Heavy HMMWV openflight real-time 3d model simulation;Land;1
M1117;M1117_01.jpg;M1117  Armored  Security  Vehicle openflight real-time 3d model simulation;Land;1
M1126_M2;M1126_M2_01.jpg;M1126  M2 openflight real-time 3d model simulation;Land;1
M1127;M1127_01.jpg;M1127 Reconnaissance Vehicle openflight real-time 3d model simulation;Land;1
M1128;M1128_01.jpg;Stryker Mobile Gun System openflight real-time 3d model simulation;Land;1
M1130;M1130_01.jpg;M1130 Commander's Vehicle openflight real-time 3d model simulation;Land;1
M1131;M1131_01.jpg;M1131 openflight real-time 3d model simulation;Land;1
M1133;M1133_01.jpg;openflight real-time 3d model simulation;Land;1
M1135;M1135_01.jpg;M1135 openflight real-time 3d model simulation;Land;1
M_1089;M_1089_01.jpg;M1089  Truck  Wrecker  MTV  Equip  Winch openflight real-time 3d model simulation;Land;1
Meerkat;Meerkat_01.jpg;Meerkat openflight real-time 3d model simulation;Air;1
Military_Bus;Military_Bus_01.jpg;Bus openflight real-time 3d model simulation;Land;1
Oshkosh_Bushmaster;Oshkosh_Bushmaster_01.jpg;Oshkosh  MK48-series  articulated  8x8  vehicle openflight real-time 3d model simulation;Land;1
Pandur_II_6X6_KD-V30;Pandur_II_6X6_KD-V30_01.jpg;Pandur  II  6X6  KD-V30 openflight real-time 3d model simulation;Land;1
Pantsyr_S1_Air_Defense;Pantsyr_S1_Air_Defense_01.jpg;Pantsyr  S1  Air  Defense openflight real-time 3d model simulation;Land;1
patria;patria_01.jpg;patria openflight real-time 3d model simulation;Land;1
RAFAEL_Golan;RAFAEL_Golan_01.jpg;RAFAEL  Golan openflight real-time 3d model simulation;Land;1
RG-31;RG-31_01.jpg;RG-31 Nyala openflight real-time 3d model simulation;Land;1
RG-33;RG-33_01.jpg;RG-33 openflight real-time 3d model simulation;Land;1
Stryker (M1126);Stryker (M1126)_01.jpg;Stryker  Reconnaissance  Vehicle  MK  240  7-62  mm  machine openflight real-time 3d model simulation;Land;1
SuperWedge_Launcher;SuperWedge_Launcher_01.jpg;gun openflight real-time 3d model simulation;Land;1
Technical-001_ZPU-4;Technical-001_ZPU-4_01.jpg;Technical-001  ZPU-4 openflight real-time 3d model simulation;Land;1
Technical-002_Kornet;Technical-002_Kornet_01.jpg;Technical-002  Kornet openflight real-time 3d model simulation;Land;1
Technical-004_M40;Technical-004_M40_01.jpg;Technical-004  M40 openflight real-time 3d model simulation;Land;1
Technical-005_DHSK;Technical-005_DHSK_01.jpg;Technical-005  DHSK openflight real-time 3d model simulation;Land;1
Technical-006_ZPU-2;Technical-006_ZPU-2_01.jpg;Technical-006  ZPU-2 openflight real-time 3d model simulation;Land;1
Technical-007_B-10;Technical-007_B-10_01.jpg;Technical-007  B-10 openflight real-time 3d model simulation;Land;1
Technical-009_ZU-23-2;Technical-009_ZU-23-2_01.jpg;Technical-009  ZU-23-2 openflight real-time 3d model simulation;Land;1
Technical-010_Type_63;Technical-010_Type_63_01.jpg;Technical-010  Type  63 openflight real-time 3d model simulation;Land;1
Technical-011_M2;Technical-011_M2_01.jpg;Technical-011  M2 openflight real-time 3d model simulation;Land;1
Technical-015_M249;Technical-015_M249_01.jpg;Technical-015  M249 openflight real-time 3d model simulation;Land;1
Technical-016_RPK;Technical-016_RPK_01.jpg;Technical-016  RPK openflight real-time 3d model simulation;Land;1
Technical-020_M2;Technical-020_M2_01.jpg;Technical-020  M2 openflight real-time 3d model simulation;Land;1
Technical-021_B8M1;Technical-021_B8M1_01.jpg;Technical-021  B8M1 openflight real-time 3d model simulation;Land;1
Technical-022_KPV;Technical-022_KPV_01.jpg;Technical-022  KPV openflight real-time 3d model simulation;Land;1
Technical-025_UB_16_57;Technical-025_UB_16_57_01.jpg;Technical-025  UB  16  57 openflight real-time 3d model simulation;Land;1
Technical-027_UB-16;Technical-027_UB-16_01.jpg;Technical-027  UB-16 openflight real-time 3d model simulation;Land;1
trailer_generator-001;trailer_generator-001_01.jpg;trailer  generator-001 openflight real-time 3d model simulation;Land;1
trailer_generator-002;trailer_generator-002_01.jpg;trailer  generator-002 openflight real-time 3d model simulation;Land;1
truck-010-jingle;truck-010-jingle_01.jpg;truck-010-jingle openflight real-time 3d model simulation;Land;1
truck-024_usairways;truck-024_usairways_01.jpg;truck-024  usairways openflight real-time 3d model simulation;Land;1
truck-025_united;truck-025_united_01.jpg;truck-025  united openflight real-time 3d model simulation;Land;1
truck-029_united;truck-029_united_01.jpg;truck-029  united openflight real-time 3d model simulation;Land;1
truck_007;truck_007_01.jpg;truck  007 openflight real-time 3d model simulation;Land;1
truck_017B;truck_017B_01.jpg;truck  017B openflight real-time 3d model simulation;Land;1
UGV_MULE;UGV_MULE_01.jpg;UGV  MULE openflight real-time 3d model simulation;Land;1
VAB_4x4;VAB_4x4_01.jpg;VAB  APC openflight real-time 3d model simulation;Land;1
VBL;VBL_01.jpg;Panhard Véhicule Blindé Léger openflight real-time 3d model simulation;Land;1
Zil;Zil_01.jpg;Zil openflight real-time 3d model simulation;Land;1
ZILH131;ZILH131_01.jpg;ZIL-131 6x6 3500-kg truck openflight real-time 3d model simulation;Land;1
